{"type": "FeatureCollection", "name": "india_states", "crs": {"type": "name", "properties": {"name": "urn:ogc:def:crs:OGC:1.3:CRS84"}}, "features": [{"type": "Feature", "properties": {"ST_NM": "Jammu & Kashmir", "ST_ID": "IN-JK", "ID": "JK"}, "geometry": {"type": "MultiPolygon", "coordinates": [[[[75.94230943449733, 32.6439512124516], [75.72720191343763, 32.41810690341089], [75.54460956907639, 32.349134249845804], [75.50994556863316, 32.27713050327014], [75.50550657167099, 32.31049149938326], [75.48304910505622, 32.31789705370789], [75.339629, 32.342379], [75.318043, 32.334484], [75.2014, 32.409476], [75.130493, 32.406085], [75.110046, 32.470182], [75.033297, 32.492687], [74.946631, 32.443412], [74.830067, 32.485995], [74.681039, 32.486481], [74.65113, 32.627632], [74.692677, 32.654821], [74.650386, 32.698281], [74.701361, 32.835077], [74.632374, 32.801602], [74.616632, 32.755289], [74.507288, 32.743927], [74.451227, 32.783575], [74.383706, 32.75787], [74.178217, 32.883002], [74.055354, 32.911743], [73.958326, 32.986951], [73.822677, 33.005706], [73.806484, 32.971346], [73.688552, 33.088444], [73.631765, 33.086601], [73.658164, 33.20513], [73.60563, 33.251706], [73.558537, 33.368445], [73.619553, 33.577593], [73.563169, 33.6759], [73.58617, 33.899446], [73.514949, 34.006609], [73.493083, 34.220159], [73.400342, 34.359479], [73.447752, 34.574234], [73.618935, 34.585914], [73.690304, 34.643567], [73.670326, 34.689692], [73.731406, 34.771457], [74.030352, 34.877635], [74.074263, 34.941104], [74.06636, 35.048531], [74.10029336731547, 35.14110266438292], [74.12470114600012, 35.099201380000096], [74.2691532390001, 35.08678327200006], [74.48888142900012, 35.1200887320001], [74.6611189780001, 34.91811139700012], [74.86596435600012, 34.82850446300007], [74.97458821600009, 34.81294985700005], [75.1613985190001, 34.86196495300007], [75.2489383950001, 34.76230695300009], [75.22454384500014, 34.63862163200007], [75.40119923115805, 34.54535953603725], [75.39995, 34.422711], [75.433622, 34.350095], [75.631019, 34.222681], [75.741691, 34.198107], [75.793512, 34.103463], [75.943097, 33.987245], [76.0571, 33.986022], [76.210462, 33.786405], [76.249578, 33.608457], [76.397437, 33.668019], [76.581826, 33.515437], [76.664651, 33.428881], [76.686696, 33.33899], [76.753304, 33.321913], [76.795977, 33.254863], [76.747751, 33.178576], [76.644785, 33.161783], [76.565312, 33.209029], [76.402231, 33.182643], [76.29244, 33.103833], [76.254553, 33.032396], [76.111087, 33.003347], [76.034075, 32.917701], [75.950554, 32.88449], [75.883927, 32.930607], [75.824712, 32.930309], [75.824732, 32.853808], [75.92895424833995, 32.75713958942055], [75.915195, 32.680567], [75.94230943449733, 32.6439512124516]]], [[[75.3718689289898, 32.336875597813915], [75.43734079532129, 32.32569945619122], [75.393774207114, 32.32936659459273], [75.3718689289898, 32.336875597813915]]]]}}, {"type": "Feature", "properties": {"ST_NM": "Gujarat", "ST_ID": "IN-GJ", "ID": "GJ"}, "geometry": {"type": "Polygon", "coordinates": [[[72.6648639944778, 21.148472999829153], [72.70318599453805, 21.146249999837664], [72.68623999458015, 21.090680999428628], [72.6648639944778, 21.148472999829153]]]}}, {"type": "Feature", "properties": {"ST_NM": "Gujarat", "ST_ID": "IN-GJ", "ID": "GJ"}, "geometry": {"type": "Polygon", "coordinates": [[[72.3520799936968, 21.585694999624593], [72.36291499333231, 21.600694000627698], [72.36513499408477, 21.587917000469247], [72.3520799936968, 21.585694999624593]]]}}, {"type": "Feature", "properties": {"ST_NM": "Gujarat", "ST_ID": "IN-GJ", "ID": "GJ"}, "geometry": {"type": "Polygon", "coordinates": [[[72.72180199416675, 21.643192999957023], [72.74597199361267, 21.658750999758865], [72.74597199361267, 21.646800999966217], [72.72180199416675, 21.643192999957023]]]}}, {"type": "Feature", "properties": {"ST_NM": "Gujarat", "ST_ID": "IN-GJ", "ID": "GJ"}, "geometry": {"type": "Polygon", "coordinates": [[[72.26763799369849, 21.74069500057385], [72.28263999394062, 21.734582000159207], [72.27902899379308, 21.718750999459132], [72.26763799369849, 21.74069500057385]]]}}, {"type": "Feature", "properties": {"ST_NM": "Gujarat", "ST_ID": "IN-GJ", "ID": "GJ"}, "geometry": {"type": "Polygon", "coordinates": [[[69.62763999349096, 22.459493052162657], [69.65652399268816, 22.42514000131007], [69.63652899241913, 22.40653000105874], [69.58819499290468, 22.43708000244021], [69.62763999349096, 22.459493052162657]]]}}, {"type": "Feature", "properties": {"ST_NM": "Gujarat", "ST_ID": "IN-GJ", "ID": "GJ"}, "geometry": {"type": "Polygon", "coordinates": [[[69.29347099219257, 22.46042100232745], [69.3279179925214, 22.463472002730782], [69.320419992089, 22.450969002617455], [69.29347099219257, 22.46042100232745]]]}}, {"type": "Feature", "properties": {"ST_NM": "Gujarat", "ST_ID": "IN-GJ", "ID": "GJ"}, "geometry": {"type": "Polygon", "coordinates": [[[69.09847299123561, 22.461806002345156], [69.14569199149224, 22.46236000181267], [69.0951389921708, 22.442361002258508], [69.09847299123561, 22.461806002345156]]]}}, {"type": "Feature", "properties": {"ST_NM": "Gujarat", "ST_ID": "IN-GJ", "ID": "GJ"}, "geometry": {"type": "Polygon", "coordinates": [[[69.32485899264844, 22.527361001908787], [69.35513999331607, 22.523480002799943], [69.36347299268454, 22.513750001961057], [69.33513599263199, 22.50735900221622], [69.32485899264844, 22.527361001908787]]]}}, {"type": "Feature", "properties": {"ST_NM": "Gujarat", "ST_ID": "IN-GJ", "ID": "GJ"}, "geometry": {"type": "Polygon", "coordinates": [[[69.94291799327084, 22.550973001702744], [69.953749992768, 22.537362001755014], [69.9381949931045, 22.539584001700348], [69.94291799327084, 22.550973001702744]]]}}, {"type": "Feature", "properties": {"ST_NM": "Gujarat", "ST_ID": "IN-GJ", "ID": "GJ"}, "geometry": {"type": "Polygon", "coordinates": [[[69.89985599226031, 22.545141001655963], [69.94152699297638, 22.518194000952406], [69.89514199340834, 22.51236000171275], [69.89985599226031, 22.545141001655963]]]}}, {"type": "Feature", "properties": {"ST_NM": "Gujarat", "ST_ID": "IN-GJ", "ID": "GJ"}, "geometry": {"type": "Polygon", "coordinates": [[[70.00903299257862, 22.593147364659217], [70.02708399313184, 22.567916001522292], [69.96375399275263, 22.545416001747128], [69.9665299930648, 22.578473000928284], [70.00903299257862, 22.593147364659217]]]}}, {"type": "Feature", "properties": {"ST_NM": "Gujarat", "ST_ID": "IN-GJ", "ID": "GJ"}, "geometry": {"type": "Polygon", "coordinates": [[[70.45513999381569, 22.995701001400164], [70.43875099436298, 22.978195001697998], [70.43430399343458, 22.98236100225847], [70.45513999381569, 22.995701001400164]]]}}, {"type": "Feature", "properties": {"ST_NM": "Gujarat", "ST_ID": "IN-GJ", "ID": "GJ"}, "geometry": {"type": "Polygon", "coordinates": [[[70.44847099384134, 23.05208400157545], [70.42457699453274, 22.999580001316076], [70.41042299472548, 22.998470002288798], [70.42041699424897, 23.026809001534218], [70.44847099384134, 23.05208400157545]]]}}, {"type": "Feature", "properties": {"ST_NM": "Gujarat", "ST_ID": "IN-GJ", "ID": "GJ"}, "geometry": {"type": "Polygon", "coordinates": [[[70.4823619937111, 23.065419001385862], [70.46958299346045, 23.05097200155666], [70.46457799467879, 23.056262001790003], [70.4823619937111, 23.065419001385862]]]}}, {"type": "Feature", "properties": {"ST_NM": "Gujarat", "ST_ID": "IN-GJ", "ID": "GJ"}, "geometry": {"type": "Polygon", "coordinates": [[[68.55819699289697, 23.3137520031525], [68.60457499304152, 23.299311003599996], [68.61486099344017, 23.271531003153314], [68.54041299296529, 23.266530003656783], [68.55819699289697, 23.3137520031525]]]}}, {"type": "Feature", "properties": {"ST_NM": "Gujarat", "ST_ID": "IN-GJ", "ID": "GJ"}, "geometry": {"type": "Polygon", "coordinates": [[[68.5834729929843, 23.31458400284953], [68.60930699272359, 23.312920003455417], [68.6151429920555, 23.297641003029923], [68.5834729929843, 23.31458400284953]]]}}, {"type": "Feature", "properties": {"ST_NM": "Gujarat", "ST_ID": "IN-GJ", "ID": "GJ"}, "geometry": {"type": "Polygon", "coordinates": [[[68.51152699277657, 23.318470003987557], [68.52764099303744, 23.337083003477858], [68.5356969931218, 23.31652800346461], [68.51152699277657, 23.318470003987557]]]}}, {"type": "Feature", "properties": {"ST_NM": "Gujarat", "ST_ID": "IN-GJ", "ID": "GJ"}, "geometry": {"type": "Polygon", "coordinates": [[[68.57402799269778, 23.36096900331688], [68.61653099311087, 23.34708400332414], [68.6198569927061, 23.330690003640825], [68.57402799269778, 23.36096900331688]]]}}, {"type": "Feature", "properties": {"ST_NM": "Gujarat", "ST_ID": "IN-GJ", "ID": "GJ"}, "geometry": {"type": "Polygon", "coordinates": [[[68.53736099251586, 23.40458200365657], [68.56680299316366, 23.376531003303228], [68.5587459930332, 23.362639002987635], [68.55208699262067, 23.386529003011105], [68.53736099251586, 23.40458200365657]]]}}, {"type": "Feature", "properties": {"ST_NM": "Gujarat", "ST_ID": "IN-GJ", "ID": "GJ"}, "geometry": {"type": "Polygon", "coordinates": [[[68.50290699276354, 23.447920003005777], [68.52069099269522, 23.436807004040077], [68.50430199234313, 23.430972003854947], [68.50290699276354, 23.447920003005777]]]}}, {"type": "Feature", "properties": {"ST_NM": "Gujarat", "ST_ID": "IN-GJ", "ID": "GJ"}, "geometry": {"type": "Polygon", "coordinates": [[[68.47286199308655, 23.480420003480447], [68.49458399295696, 23.45736000396107], [68.48541999213899, 23.40458200365657], [68.46180799234503, 23.453479003952907], [68.43485899334792, 23.43319400380028], [68.41208599267446, 23.443471002884507], [68.47286199308655, 23.480420003480447]]]}}, {"type": "Feature", "properties": {"ST_NM": "Gujarat", "ST_ID": "IN-GJ", "ID": "GJ"}, "geometry": {"type": "Polygon", "coordinates": [[[68.47347199333785, 23.496251003281202], [68.4868099923873, 23.486250003434975], [68.47403799335876, 23.480970002763456], [68.47347199333785, 23.496251003281202]]]}}, {"type": "Feature", "properties": {"ST_NM": "Gujarat", "ST_ID": "IN-GJ", "ID": "GJ"}, "geometry": {"type": "Polygon", "coordinates": [[[68.4570849921787, 23.54208500352013], [68.47485999259465, 23.538194003050876], [68.46263999294138, 23.53486000308675], [68.4570849921787, 23.54208500352013]]]}}, {"type": "Feature", "properties": {"ST_NM": "Gujarat", "ST_ID": "IN-GJ", "ID": "GJ"}, "geometry": {"type": "Polygon", "coordinates": [[[68.48208499212876, 23.596809003632643], [68.4854199930383, 23.57513900256299], [68.43041899274237, 23.524027003543438], [68.44208599297423, 23.5634720032304], [68.48208499212876, 23.596809003632643]]]}}, {"type": "Feature", "properties": {"ST_NM": "Gujarat", "ST_ID": "IN-GJ", "ID": "GJ"}, "geometry": {"type": "Polygon", "coordinates": [[[68.45236299205851, 23.595421003476588], [68.46736199216224, 23.591531003053376], [68.46235699248126, 23.577361003407646], [68.45236299205851, 23.595421003476588]]]}}, {"type": "Feature", "properties": {"ST_NM": "Gujarat", "ST_ID": "IN-GJ", "ID": "GJ"}, "geometry": {"type": "Polygon", "coordinates": [[[68.43459299277248, 23.6162500035349], [68.46652999246521, 23.602078003796862], [68.44097199286324, 23.6034710032842], [68.43459299277248, 23.6162500035349]]]}}, {"type": "Feature", "properties": {"ST_NM": "Gujarat", "ST_ID": "IN-GJ", "ID": "GJ"}, "geometry": {"type": "Polygon", "coordinates": [[[68.46956599307617, 23.61625000263558], [68.49041799239649, 23.6034710032842], [68.46819399275864, 23.59292100420106], [68.46956599307617, 23.61625000263558]]]}}, {"type": "Feature", "properties": {"ST_NM": "Gujarat", "ST_ID": "IN-GJ", "ID": "GJ"}, "geometry": {"type": "Polygon", "coordinates": [[[68.35846699225795, 23.805140002509177], [68.42597299275945, 23.79597400339759], [68.34680299306376, 23.59819000346596], [68.29486099264074, 23.578751003655952], [68.2759719921138, 23.612640002534135], [68.19541999253869, 23.603751003605964], [68.1959689917756, 23.63847200397987], [68.26930299213944, 23.649860003036736], [68.33790499282122, 23.729580003814192], [68.35846699225795, 23.805140002509177]]]}}, {"type": "Feature", "properties": {"ST_NM": "Gujarat", "ST_ID": "IN-GJ", "ID": "GJ"}, "geometry": {"type": "Polygon", "coordinates": [[[68.30790699261365, 23.82374900271435], [68.32402699315128, 23.73402900393546], [68.26763899274539, 23.704861003332667], [68.26430499188194, 23.7598610035825], [68.30790699261365, 23.82374900271435]]]}}, {"type": "Feature", "properties": {"ST_NM": "Gujarat", "ST_ID": "IN-GJ", "ID": "GJ"}, "geometry": {"type": "Polygon", "coordinates": [[[68.49791599192952, 23.83069400282602], [68.51708099259378, 23.755138003416164], [68.43708099239393, 23.743196003992466], [68.44763799269924, 23.805972004004843], [68.49791599192952, 23.83069400282602]]]}}, {"type": "Feature", "properties": {"ST_NM": "Gujarat", "ST_ID": "IN-GJ", "ID": "GJ"}, "geometry": {"type": "Polygon", "coordinates": [[[68.39568999199957, 23.87819600354277], [68.43846899255004, 23.839307003415513], [68.42485799260231, 23.810141003804347], [68.3259669926826, 23.799030003132202], [68.39568999199957, 23.87819600354277]]]}}, {"type": "Feature", "properties": {"ST_NM": "Gujarat", "ST_ID": "IN-GJ", "ID": "GJ"}, "geometry": {"type": "Polygon", "coordinates": [[[68.24819099252034, 23.880420003580355], [68.23346799345319, 23.842359003865], [68.21597299245968, 23.847630003222093], [68.21569799326784, 23.866529003310916], [68.24819099252034, 23.880420003580355]]]}}, {"type": "Feature", "properties": {"ST_NM": "Gujarat", "ST_ID": "IN-GJ", "ID": "GJ"}, "geometry": {"type": "Polygon", "coordinates": [[[68.4493019920933, 23.938472003380298], [68.44209299239776, 23.8704220029731], [68.3556979931679, 23.85986200342876], [68.35597199321296, 23.90292000335552], [68.4493019920933, 23.938472003380298]]]}}, {"type": "Feature", "properties": {"ST_NM": "Gujarat", "ST_ID": "IN-GJ", "ID": "GJ"}, "geometry": {"type": "Polygon", "coordinates": [[[68.53541499270779, 23.945973003051677], [68.58207799250539, 23.915140003908107], [68.52069099269522, 23.856806002794826], [68.49041799239649, 23.867361003907263], [68.53541499270779, 23.945973003051677]]]}}, {"type": "Feature", "properties": {"ST_NM": "Gujarat", "ST_ID": "IN-GJ", "ID": "GJ"}, "geometry": {"type": "Polygon", "coordinates": [[[68.49764299282992, 23.967470865787902], [68.51847199288824, 23.92430500297354], [68.43125099333872, 23.853200003777204], [68.46069299218789, 23.933472003030545], [68.4281929926126, 23.93653000375673], [68.44374799227609, 23.968287456500946], [68.49764299282992, 23.967470865787902]]]}}, {"type": "Feature", "properties": {"ST_NM": "Gujarat", "ST_ID": "IN-GJ", "ID": "GJ"}, "geometry": {"type": "Polygon", "coordinates": [[[68.35846699315726, 23.97500411155056], [68.43402999288992, 23.96733756197898], [68.40264099238794, 23.92069500287215], [68.35041699245028, 23.908472003080533], [68.33763799219963, 23.819305003723002], [68.27430799271974, 23.797362003553644], [68.2670829922863, 23.695694003275662], [68.23847299223485, 23.680971003309196], [68.19264199303359, 23.73097000316318], [68.22598299272101, 23.7626390030876], [68.21069299178822, 23.828194003550493], [68.27902999283998, 23.915970003512882], [68.34236099326529, 23.92458100401018], [68.35846699315726, 23.97500411155056]]]}}, {"type": "Feature", "properties": {"ST_NM": "Gujarat", "ST_ID": "IN-GJ", "ID": "GJ"}, "geometry": {"type": "Polygon", "coordinates": [[[72.64569281996773, 21.434583663605224], [72.7076435022459, 21.52958488433501], [72.61262071217618, 21.557430723249354], [72.6281986175722, 21.616811751960824], [72.70566679238863, 21.651530000409252], [72.787363047067, 21.645139694941008], [72.83291816124421, 21.673196792697865], [72.73625373252378, 21.689584731849948], [72.54736518235734, 21.658472061536486], [72.52402686424847, 21.680139541806454], [72.55458199446355, 21.797612205239147], [72.62873769009241, 21.90906192276958], [72.60563086827, 21.937265395981285], [72.57167377542447, 21.881568731411903], [72.50763511017226, 21.897916793725074], [72.54736518415598, 22.149862290312512], [72.6131954140372, 22.21703147941929], [72.74819373635188, 22.173196792597935], [72.79985999564235, 22.238752365029654], [72.86958503282307, 22.22347068732239], [72.8993091534947, 22.23208427426988], [72.91958426919871, 22.269582748045423], [72.8668041177159, 22.24263954158164], [72.84374808690472, 22.28236579884259], [72.75596808945585, 22.230970382976864], [72.69153022234195, 22.2370853430142], [72.6370944927167, 22.284311295929626], [72.54458426904881, 22.243749618849904], [72.53735923264253, 22.27375221279442], [72.48763465371633, 22.19735908575325], [72.49402808612734, 22.242361069208016], [72.43514441937953, 22.30125236580409], [72.39402961247669, 22.307363510917355], [72.41236304781648, 22.35847282456126], [72.39402961247669, 22.38236045936776], [72.40430640741482, 22.35153007635199], [72.3729152629291, 22.323194505322192], [72.37625312188413, 22.30541801562896], [72.4109744981746, 22.29931068543982], [72.41652869584271, 22.22736167969782], [72.40069770233714, 22.201528549602926], [72.36430549090574, 22.25819206361291], [72.38707541859577, 22.159860611977706], [72.35902594978779, 22.175973893680293], [72.34236335138763, 22.135141373175884], [72.312639230716, 22.18069648825241], [72.32097052946642, 22.120420456938575], [72.27485846874339, 21.93042182860455], [72.24180793119115, 22.050695419757858], [72.29763984030643, 22.063196182357956], [72.30179786118242, 22.106809617070212], [72.23652839097252, 22.057920456164197], [72.20041846593949, 22.00430488666126], [72.23153113715233, 22.00346946774181], [72.21319770181253, 21.94847297754592], [72.25625037595415, 21.89014244062116], [72.2704181605697, 21.74819374114827], [72.24903199453098, 21.774989635063662], [72.24791907630436, 21.750974654456797], [72.30597113995623, 21.628469467591913], [72.23542212772907, 21.45708656369402], [72.08207892800016, 21.24570274328704], [72.11541938179909, 21.202085494549976], [71.76069831137801, 21.020139693492126], [71.50958442058459, 20.944032668672776], [71.4373645714179, 20.868474959651735], [71.37790870022639, 20.874029160017756], [71.05041693939029, 20.73097038237728], [70.88597296877754, 20.73347663823631], [70.8359851762749, 20.691251754964583], [70.54180716656754, 20.801530838477447], [70.25152777818448, 20.979028702412734], [70.06041526035602, 21.1423625948579], [69.62486456964422, 21.615972520815205], [69.23625373052528, 21.938470841855917], [68.95791815909581, 22.237360003161655], [68.93597602047703, 22.312086108187373], [68.98457907736258, 22.414304735475184], [69.07985877226457, 22.47903251883571], [69.04403113542861, 22.43124962027383], [69.06930731897762, 22.395696642685948], [69.19125556109532, 22.422082903503224], [69.15791510729645, 22.312917711283376], [69.22347449465224, 22.257917406163415], [69.32486151794473, 22.295419694863085], [69.34014319565199, 22.33041954262785], [69.48874854381029, 22.338193896631083], [69.52319525905403, 22.38875007865323], [69.50902747443843, 22.425695421706394], [69.61792182233427, 22.350419999983046], [69.69902610097381, 22.39569664178663], [69.69430732042656, 22.453195573816743], [69.72820472077132, 22.473752977717822], [69.74624823806579, 22.42902946663662], [69.80708503084958, 22.4048633594565], [69.82847785187141, 22.451532365826097], [69.87764167022698, 22.44930839636544], [69.975137703842, 22.54264259507977], [70.16291999076503, 22.551530839476698], [70.49347113908186, 23.07514000091038], [70.3970889985585, 23.025960924657], [70.36347388551144, 22.935422898947706], [70.23542212812879, 22.979585649458215], [70.16179847052302, 22.942640306405053], [70.11042212747924, 22.962083819912436], [70.13903235685785, 22.933202744411176], [70.10597419035668, 22.909032824105623], [69.8015587787147, 22.850623155834], [69.71125220522515, 22.738195421981175], [69.19735907725965, 22.838472368904775], [68.65236090882894, 23.155141833928553], [68.58458899768414, 23.232919696586805], [68.64319419115907, 23.246252063182226], [68.65986060358404, 23.262083056687743], [68.62959479516371, 23.29097938828818], [68.6606998365283, 23.295694354810678], [68.50069617498855, 23.475416187307246], [68.48929785980846, 23.63514137647337], [68.65513419318853, 23.798749926368032], [68.73486518098338, 23.837915423957725], [68.67180823546175, 23.861532214440217], [68.58680915042203, 23.835142138698814], [68.5345783156368, 23.75653267204524], [68.51625251104463, 23.7831897762872], [68.51513861885223, 23.82486153063519], [68.61958503052477, 23.916250232262485], [68.54374884823079, 23.935140613248734], [68.55110928836302, 23.967701558979797], [68.75336822576304, 23.969615782142682], [68.76309364905273, 24.294370569646105], [68.82753937264397, 24.316829269854964], [68.85878921115324, 24.21307715098976], [68.94317492618194, 24.302120570907675], [69.00519074365798, 24.223190692896196], [69.09201412415257, 24.272334459068077], [69.19276826034701, 24.237929034397496], [69.30863075780331, 24.280705843300098], [69.5878698637033, 24.291326259299467], [69.73009270081752, 24.17183901645751], [70.0164739705973, 24.169912895263963], [70.06382284644724, 24.196713391010235], [70.10809962110068, 24.293612886325718], [70.57357694721838, 24.421688958678544], [70.59965468841318, 24.409233860953975], [70.55990815323872, 24.352381661984168], [70.58198864625905, 24.248466013995426], [70.66956958776632, 24.220318727727147], [70.8339203112734, 24.228845987852083], [70.89709390246168, 24.256739335252178], [70.87400949084537, 24.2972803189316], [70.9490480113567, 24.352516171783975], [71.0367976863642, 24.353276894812893], [71.12182770628368, 24.407451763488154], [71.10902040526753, 24.436773038245178], [71.0000036209704, 24.445924292971767], [70.98820833334798, 24.547589122240254], [71.01074819557283, 24.636737605456176], [71.09782056326844, 24.686576570052694], [71.28890364628631, 24.612805531550066], [71.3481809184147, 24.65902773584139], [71.37220922337701, 24.626256143706144], [71.48027552679417, 24.67837924330746], [71.6089519532701, 24.674757509751316], [71.65397345650985, 24.637169039919286], [71.79193830680748, 24.67399486397187], [71.80463320335969, 24.625224274180937], [71.85137225252748, 24.607423891299618], [71.8642834890918, 24.67546053497574], [71.91927091861805, 24.66514153575332], [71.92778298649569, 24.62986457269193], [72.04630600861549, 24.70848244081202], [72.07916435205328, 24.69959309654422], [72.0786948106171, 24.65531332175243], [72.15563705470635, 24.618127181624175], [72.34833917551259, 24.6198681351064], [72.24516325587962, 24.582202920728264], [72.28931671639339, 24.540335739203044], [72.35235576270833, 24.554242715029318], [72.3807207073948, 24.502139066864515], [72.43706267600174, 24.505726016442566], [72.45911706799836, 24.408502543057978], [72.50226805872398, 24.411196448757153], [72.49520516019004, 24.45159731716251], [72.53701308088904, 24.506079592998844], [72.68825074017957, 24.460958860363178], [72.72768424563151, 24.361944835885538], [72.86366386229747, 24.36615255599571], [72.91955467161085, 24.326524778995406], [72.9873487321583, 24.364011458162338], [72.9600561255898, 24.392330920535585], [73.00897223108365, 24.48243223276137], [73.04729503154056, 24.46519855317075], [73.09534678332744, 24.491322974575667], [73.08118563660793, 24.39431772348422], [73.16634347357251, 24.350319654128782], [73.22805309347552, 24.364180633229694], [73.169600660642, 24.300693237103246], [73.14117242616658, 24.307553272865277], [73.07851349899886, 24.18479756815327], [73.21987547267497, 24.097719187590485], [73.1965639516651, 24.04478625837919], [73.24853596696136, 24.01055239287865], [73.3228608187718, 24.061788811304666], [73.33159081306565, 24.11439175857288], [73.36612895428789, 24.111690120502715], [73.41028554084511, 24.050180141999988], [73.41644646073564, 23.922489949851354], [73.35589397692553, 23.85382498313652], [73.35704999606054, 23.790846121251548], [73.37184289043711, 23.765839976233963], [73.41657198990549, 23.778414751239836], [73.49812916712744, 23.705584725554672], [73.50955907009507, 23.61572411237796], [73.57359647719574, 23.654161827306552], [73.65724860893619, 23.621547650703576], [73.62890274606491, 23.451099968888514], [73.70059224883329, 23.4543707878816], [73.7225221629675, 23.411218665808804], [73.76127759668378, 23.457061601711587], [73.77964500841045, 23.4330818043818], [73.82359865125682, 23.44523944684306], [73.89100392409188, 23.335435307893192], [73.9357753852259, 23.339655719236077], [73.95945802676658, 23.379592164247015], [74.045831944089, 23.293132292421433], [74.10384874442406, 23.292126690294594], [74.1334005019317, 23.262692124342095], [74.12418404096076, 23.176846374360764], [74.18026979631412, 23.150151600216248], [74.20495488156257, 23.189940734477375], [74.25939544054722, 23.169421781090364], [74.36835949849211, 22.977790028886773], [74.3391009676356, 22.962474468322114], [74.35950795362919, 22.930857523855707], [74.39791702964726, 22.89711287246115], [74.46055524273032, 22.911123657930546], [74.47662991923545, 22.856305493403852], [74.37825094022878, 22.636493886883443], [74.26221995118988, 22.64280048885155], [74.14968694089964, 22.515562723141215], [74.04070267069176, 22.54039230516082], [74.03309404015789, 22.48980533754633], [74.08142159333192, 22.506754090329082], [74.07416313092381, 22.463897226475865], [74.11916553346265, 22.419023949495738], [74.13700685168493, 22.45206079936645], [74.18305998523022, 22.442280358251992], [74.18725798097108, 22.475998253016996], [74.27052664358979, 22.39108541655878], [74.20314581702587, 22.365758217168036], [74.18729142675801, 22.320097373295198], [74.13036793852962, 22.33055472961712], [74.10802457907113, 22.369854602108262], [74.06791999141456, 22.358545926853083], [74.07153904229301, 22.22021407671832], [74.11868100932116, 22.211170059850417], [74.12839553102901, 22.094631282108026], [74.17664680010978, 22.084866133964965], [74.09678056686971, 22.01665512613323], [74.14957424955202, 21.984750966983597], [74.14169342391244, 21.95241290473183], [73.8049647308377, 21.82213630464679], [73.89263060162102, 21.666014573913515], [73.78172335874609, 21.623944467563206], [73.85500973101432, 21.49467194705278], [74.06318683250635, 21.557966033006096], [74.18019719854192, 21.559232941247274], [74.20233249984506, 21.528214698849297], [74.30703679751025, 21.564398521174837], [74.32913287668094, 21.518161339574192], [74.30157649445971, 21.477794018579118], [74.21800887920648, 21.457474081563646], [74.11584107350677, 21.448289935032506], [74.06533522294222, 21.47848405759322], [74.04154166441634, 21.417193841922312], [73.95638872965623, 21.39188542397318], [73.94277975947836, 21.296377138494222], [73.82601114919521, 21.26643380357723], [73.81626907945451, 21.170943485653368], [73.62942168186521, 21.1319148468927], [73.6061474692304, 21.175327794841905], [73.58117419982949, 21.167199935328824], [73.6216880212852, 21.119417593447224], [73.72912968168953, 21.102376739295153], [73.76376373111134, 21.067362641772547], [73.81131902025663, 21.083801853073112], [73.79619851095259, 21.04500565938372], [73.90025327686732, 20.982157330496477], [73.94324881078404, 20.74138944736518], [73.81586559771921, 20.693053471140843], [73.8396414521913, 20.622752849864185], [73.74102749022654, 20.566724983870984], [73.65834686911279, 20.562260445263405], [73.58351868204159, 20.644611420780507], [73.52250137823609, 20.672677123250708], [73.49039620801864, 20.653033137369448], [73.47458203992926, 20.716833578506908], [73.45056584164035, 20.713952152469915], [73.39430190810663, 20.642327165266522], [73.49259257728568, 20.539887547572334], [73.38260402065907, 20.390033504242865], [73.42824909761782, 20.281949000346117], [73.41802779624584, 20.201441725855034], [73.30186746760961, 20.20721752097188], [73.2842393435709, 20.153926563560105], [73.20656615030765, 20.12215606165296], [73.20022220668955, 20.197484447149577], [73.13158357482217, 20.202093327844864], [73.10962243622652, 20.159342892460586], [73.0621387816795, 20.163797492660194], [73.06011176734427, 20.221763176429477], [73.1691450317179, 20.28660909023739], [73.15162869071156, 20.317344494053202], [73.10569676059708, 20.30425724307736], [73.09135789165344, 20.356264843647693], [73.03557615211776, 20.292753365475505], [72.91955831476446, 20.284471765959267], [72.95973828359496, 20.212790248271403], [72.860785369849, 20.22316396494506], [72.79032555777832, 20.125744353918833], [72.72927533698726, 20.13680666979201], [72.75887143916566, 20.33105560383308], [72.8019824127582, 20.374169796998558], [72.89354408818917, 20.372146287321357], [72.90260940280177, 20.415240633348617], [72.85932359380888, 20.424372720824465], [72.89334544683499, 20.445387627836794], [72.84460874080082, 20.474556634780924], [72.88575375053523, 20.571494747884344], [72.78286722554208, 20.899793016234753], [72.82476178692696, 20.949924264992887], [72.75609543705485, 20.93063898899817], [72.72267180585919, 21.033822928785185], [72.75507572636371, 21.05185888098265], [72.69391265864232, 21.065616626006545], [72.71597480279496, 21.140695572842446], [72.66514014570123, 21.153474808715487], [72.6590290023866, 21.08793067925751], [72.62625312318312, 21.089860915748716], [72.62264441900481, 21.232080460444934], [72.58902930595775, 21.29792213509853], [72.69584183663153, 21.464308436285364], [72.64569281996773, 21.434583663605224]], [[74.16720972285049, 22.396194782563214], [74.17260899161175, 22.418668317089214], [74.15897117028334, 22.41304016996793], [74.16720972285049, 22.396194782563214]]]}}, {"type": "Feature", "properties": {"ST_NM": "Tamil Nadu", "ST_ID": "IN-TN", "ID": "TN"}, "geometry": {"type": "Polygon", "coordinates": [[[78.91738791671906, 9.18639926101713], [78.93602811620468, 9.180290661884612], [78.91856961419637, 9.175629861528932], [78.91738791671906, 9.18639926101713]]]}}, {"type": "Feature", "properties": {"ST_NM": "Tamil Nadu", "ST_ID": "IN-TN", "ID": "TN"}, "geometry": {"type": "Polygon", "coordinates": [[[79.0710833629069, 9.206161334178262], [79.08117101243232, 9.191820623423098], [79.062349899928, 9.19917732147627], [79.0710833629069, 9.206161334178262]]]}}, {"type": "Feature", "properties": {"ST_NM": "Tamil Nadu", "ST_ID": "IN-TN", "ID": "TN"}, "geometry": {"type": "Polygon", "coordinates": [[[79.31681944006516, 9.3249157680483], [79.33503712995963, 9.251715309813733], [79.41657459404234, 9.183740552084885], [79.20555825820713, 9.278012243670162], [79.31681944006516, 9.3249157680483]]]}}, {"type": "Feature", "properties": {"ST_NM": "Tamil Nadu", "ST_ID": "IN-TN", "ID": "TN"}, "geometry": {"type": "Polygon", "coordinates": [[[79.7964923182659, 11.889592491000712], [79.77954798205377, 11.862371052282299], [79.78147355556018, 11.901777713870445], [79.7964923182659, 11.889592491000712]]]}}, {"type": "Feature", "properties": {"ST_NM": "Tamil Nadu", "ST_ID": "IN-TN", "ID": "TN"}, "geometry": {"type": "Polygon", "coordinates": [[[79.67414087320282, 11.879940268928294], [79.74297487199283, 11.84678459163564], [79.75880830535908, 11.874191975978931], [79.77337283039185, 11.83664226243053], [79.80931330066835, 11.844829208301348], [79.77353411570692, 11.821993719134866], [79.73871673588872, 11.842773813160989], [79.71250414584972, 11.789296169982322], [79.79509635641176, 11.78485633215405], [79.75845373774985, 11.578090593406216], [79.81412346672465, 11.358417799941549], [79.84010445525644, 11.34633978795091], [79.85680608333416, 11.012698141905787], [79.85248976109364, 10.987980570447007], [79.74717300802797, 11.00034214317543], [79.76263956386487, 10.95864760180541], [79.7206976810532, 10.967048836334754], [79.72134610933551, 10.934091336346171], [79.82011223119457, 10.88664226792639], [79.81407206057719, 10.85141173596287], [79.84947962318614, 10.82700439193917], [79.87933697841885, 10.29032079037222], [79.79778122662236, 10.271361000609716], [79.72864836782799, 10.329926249796642], [79.63788659888746, 10.338082291364685], [79.61339820975962, 10.31829937101918], [79.76936474718536, 10.272880441179439], [79.54474063637133, 10.30863557557143], [79.61281692036465, 10.340072760849296], [79.53277342085676, 10.355773576589343], [79.51932667308756, 10.311776532461067], [79.40161835220528, 10.324786748409736], [79.29900576340532, 10.264467968721817], [79.22883405095075, 10.145037139452484], [79.26347186313603, 10.035814170287779], [78.9916094400237, 9.712572586555666], [78.89455162086068, 9.478616304398997], [79.05180462858078, 9.299971849821077], [79.1842530383471, 9.27797391816182], [78.86762452754994, 9.255029711751831], [78.65770521802148, 9.187468947034347], [78.65159217803665, 9.157419935481698], [78.57429404253611, 9.12800883823735], [78.39774707946418, 9.099015953623393], [78.19157742935494, 8.928450984925064], [78.16536049019453, 8.75837193791466], [78.20592196672544, 8.766914893907256], [78.14104057466284, 8.69294960903727], [78.13310013386416, 8.498710619699409], [78.06335627657097, 8.370071953957563], [77.81443079694378, 8.246163418207232], [77.75314196532952, 8.178525073473395], [77.58923699798913, 8.14134423304995], [77.55560423214968, 8.0788351050561], [77.31750753154739, 8.121362837724803], [77.10005572719012, 8.29135591674219], [77.16908311709221, 8.329774683854623], [77.15391306503597, 8.386383976839113], [77.22863517347452, 8.445848151471068], [77.20534913655348, 8.50148745188443], [77.26655464418155, 8.509678477979435], [77.28411997575631, 8.545841639280297], [77.17333318178095, 8.745802307930205], [77.23272825160757, 8.784202296298986], [77.25771437771641, 8.87664055172013], [77.14926491364491, 9.020235823524501], [77.26884137373048, 9.1518396718634], [77.28349624555534, 9.299800483105855], [77.41268704647007, 9.505892350851354], [77.36678483625127, 9.535532035075391], [77.35690387521373, 9.604286990652156], [77.33703598062607, 9.576544454163297], [77.32021235681486, 9.602176800718837], [77.26637249729299, 9.574393951219918], [77.17093114655523, 9.610245288789088], [77.24914657165704, 9.797532066351835], [77.21923157977363, 9.903278614416593], [77.27617923908065, 9.972830105824755], [77.20234184230225, 10.104596408597445], [77.26763042490427, 10.120517916168922], [77.29461727186964, 10.216432588193413], [77.22821476380034, 10.314823618115554], [77.23581848313654, 10.349343008473113], [77.17642586666045, 10.35517098495302], [76.98400072355463, 10.217076753689298], [76.83216530558445, 10.303299410439479], [76.84151774584734, 10.593144376811608], [76.81658770146129, 10.634377369919719], [76.88445319605819, 10.637614140580183], [76.86673464608708, 10.680547780455754], [76.9090861476077, 10.779034587276442], [76.82862895995856, 10.86983874576157], [76.65771882606305, 10.936627486569307], [76.70069127887945, 11.025234166024006], [76.77769529380282, 11.040118998992682], [76.74747917562354, 11.055328985444362], [76.7451131780308, 11.13292592519133], [76.69595045594883, 11.165395437749282], [76.73651146123501, 11.214242433041875], [76.70679218071461, 11.239036718469833], [76.63269291574551, 11.193224122994934], [76.49677059578642, 11.210047944656992], [76.46176900603484, 11.187402133301873], [76.45529622733909, 11.237628051893125], [76.5226281451728, 11.269262918948584], [76.5471790866456, 11.358921487736495], [76.45698147681378, 11.388558812139536], [76.41873288751282, 11.440639225419943], [76.28581061776583, 11.48130616994382], [76.24774023812154, 11.466344477315829], [76.2331006511742, 11.571091809339578], [76.27844969289907, 11.599634046374206], [76.30554294315237, 11.57111281660326], [76.35790255725726, 11.589624852804775], [76.51234036411654, 11.705198967358513], [76.56211141281153, 11.620212950367431], [76.845490227592, 11.591915342419156], [76.83938022012114, 11.656890043640658], [76.9089805231327, 11.791213317740471], [76.96912914569356, 11.77328166891391], [77.01402464582083, 11.811170434967664], [77.11941688707975, 11.721219410247613], [77.112831921556, 11.77149724310334], [77.25208504888593, 11.81112315760771], [77.33678926691118, 11.767815953743309], [77.42338498582848, 11.77133739670353], [77.5012047532968, 11.938881074102312], [77.67594019128683, 11.949215389678557], [77.77815508548883, 12.118753689631149], [77.73040776950302, 12.180986097130699], [77.49271626204592, 12.199055568859478], [77.47303636173876, 12.24463182789657], [77.62009651903918, 12.382723480804032], [77.63528461239503, 12.486289536233187], [77.58530948864205, 12.477307726370498], [77.61516686096195, 12.512287326798742], [77.58840509631818, 12.515915775592646], [77.5798187696206, 12.56677441580672], [77.59997415048673, 12.666345028000705], [77.74141056284725, 12.6730742267942], [77.80943511154123, 12.795985221940498], [77.79338998675854, 12.837301338486043], [77.83548561676787, 12.868093473335193], [77.92444542761444, 12.882816577623032], [77.94370753257664, 12.87101922335853], [77.91938348106288, 12.831338912460865], [77.94319838140024, 12.822300072090684], [77.95877062466468, 12.857489931315342], [77.99178084021366, 12.805129875643274], [78.03255028047113, 12.850755172013635], [78.0750829917867, 12.839801627343263], [78.1314187442797, 12.779830008448187], [78.23164341001541, 12.762635916114675], [78.21120415185021, 12.685716148781296], [78.27562732853846, 12.702045917085456], [78.37990896282844, 12.622343222861502], [78.47135701701279, 12.628113595965715], [78.46933013757587, 12.672908025784807], [78.52071547384008, 12.715618412559763], [78.49123223028323, 12.740651057900038], [78.5059383886458, 12.741035645778481], [78.53613161997833, 12.690472915792498], [78.56402419755875, 12.707910781957082], [78.65827577940377, 12.929807014282346], [78.63190334836088, 12.993180352990919], [78.66250047241891, 13.02861371625005], [78.70525062811407, 13.015180362983415], [78.71386947609551, 13.066906137608214], [78.89521928384295, 13.093100318524932], [78.89373250125396, 13.03095570374279], [78.93932997619748, 13.03474108962962], [78.90525269615506, 13.046277771801783], [78.92615727254014, 13.078959238378218], [78.99360755554432, 13.087536294864151], [79.08118017652396, 13.025744383396614], [79.16497560713862, 13.019080774857912], [79.22680178187682, 13.139429303819384], [79.25938808579156, 13.1598997288894], [79.32026522216233, 13.10892806277991], [79.36243421526689, 13.137524119742409], [79.36004400252875, 13.17504052599952], [79.43292816200511, 13.196596612643589], [79.45781585821533, 13.228940873922227], [79.42312485742627, 13.224245410097637], [79.43394546071448, 13.298678046554642], [79.38667823071586, 13.31492465814648], [79.4294289637757, 13.33391683789182], [79.54805862210776, 13.323295039634445], [79.5777833992845, 13.261766731149748], [79.6810195123407, 13.294477708079796], [79.70206719694363, 13.223942915932867], [79.75710669901503, 13.207746625006791], [79.79598244223598, 13.241030412523571], [79.73385131548588, 13.284914086316064], [79.9381989688074, 13.348961321208037], [79.98595945176731, 13.480450547354906], [80.04859967123787, 13.497518647367713], [80.00212545712418, 13.53964147557366], [80.08526886396697, 13.546956761645276], [80.08046588709107, 13.491108165609432], [80.14692242373093, 13.503605629496235], [80.24180669752116, 13.467971637381197], [80.269692968156, 13.563152697339149], [80.31810037932911, 13.451706298307045], [80.28727224731642, 13.43972643562654], [80.28888808531696, 13.402830352039189], [80.332632388474, 13.402354828312752], [80.34630540656934, 13.293431102263582], [80.26022245410303, 12.937281474960173], [80.25386531563186, 12.766880832184711], [80.16381829457868, 12.47823306310545], [79.87502541269271, 12.043306995621379], [79.85004381017376, 12.050200347667953], [79.84050475429103, 11.954588883869917], [79.81961818233333, 11.977640152770903], [79.75196779927455, 11.921566580533295], [79.73064646626148, 11.981743994889484], [79.76458041325554, 12.000475641937385], [79.72074627502064, 11.991626185300277], [79.70636841866764, 12.03161231785424], [79.66211576113352, 12.01132491291446], [79.65716675144449, 11.989913053244834], [79.70968962487632, 11.989336150742815], [79.6926337970122, 11.953571587858562], [79.73999485238056, 11.905901577595785], [79.70661186154825, 11.892727288433662], [79.69787402426687, 11.91898347580684], [79.67414087320282, 11.879940268928294]], [[79.66425572761977, 11.860290702753787], [79.5997736246531, 11.879803101631865], [79.60242143110423, 11.856514753453155], [79.66425572761977, 11.860290702753787]], [[79.64197520559134, 11.904679418720264], [79.67128329089121, 11.932847805781648], [79.64315299641373, 11.946384063973426], [79.65429282845133, 12.023789306931008], [79.62767192731764, 12.030438591068162], [79.64197520559134, 11.904679418720264]], [[79.68893557251869, 11.971887635705855], [79.66254856526416, 11.968175424955973], [79.66113570245079, 11.957410268469175], [79.67572257383779, 11.947927627058391], [79.68893557251869, 11.971887635705855]], [[79.67001971913481, 11.814905209707717], [79.6613407199983, 11.838698568584107], [79.64878176136926, 11.843607456818745], [79.64629870262308, 11.816204128417837], [79.67001971913481, 11.814905209707717]], [[79.68831460143775, 11.811791887185905], [79.67573944511935, 11.801549173855335], [79.6905437437988, 11.802742897966425], [79.68831460143775, 11.811791887185905]]]}}, {"type": "Feature", "properties": {"ST_NM": "Andaman & Nicobar Island", "ST_ID": "IN-AN", "ID": "AN"}, "geometry": {"type": "Polygon", "coordinates": [[[93.71289515388833, 7.443673046873641], [93.75704908834479, 7.357915197528371], [93.64717290470583, 7.24386973260215], [93.63287730484382, 7.371026646562541], [93.70827357746367, 7.394194653760337], [93.71289515388833, 7.443673046873641]]]}}, {"type": "Feature", "properties": {"ST_NM": "Andaman & Nicobar Island", "ST_ID": "IN-AN", "ID": "AN"}, "geometry": {"type": "Polygon", "coordinates": [[[93.32627975300824, 7.999675086036461], [93.40737264892869, 8.009892312580234], [93.39628442718464, 7.969475012661746], [93.46286858032079, 7.934439380872789], [93.46216668194688, 7.873354719644624], [93.42600792822338, 7.907041070688933], [93.35176603347571, 7.892620791516379], [93.31954276338786, 7.932334835983966], [93.32627975300824, 7.999675086036461]]]}}, {"type": "Feature", "properties": {"ST_NM": "Andaman & Nicobar Island", "ST_ID": "IN-AN", "ID": "AN"}, "geometry": {"type": "Polygon", "coordinates": [[[93.54775448747966, 8.026143720256528], [93.58226566882564, 7.992388051267596], [93.5732504950144, 7.930733178493426], [93.50812422924986, 7.984910161474829], [93.54775448747966, 8.026143720256528]]]}}, {"type": "Feature", "properties": {"ST_NM": "Andaman & Nicobar Island", "ST_ID": "IN-AN", "ID": "AN"}, "geometry": {"type": "Polygon", "coordinates": [[[93.56281207032083, 8.120326428422004], [93.59896402786762, 8.055686416195215], [93.59247862628763, 8.038528952349338], [93.56281207032083, 8.120326428422004]]]}}, {"type": "Feature", "properties": {"ST_NM": "Andaman & Nicobar Island", "ST_ID": "IN-AN", "ID": "AN"}, "geometry": {"type": "Polygon", "coordinates": [[[93.2349989619326, 8.264494597147973], [93.25061477824948, 8.227534948579034], [93.23660480576723, 8.22413967600528], [93.22023275943434, 8.245668473621208], [93.2349989619326, 8.264494597147973]]]}}, {"type": "Feature", "properties": {"ST_NM": "Andaman & Nicobar Island", "ST_ID": "IN-AN", "ID": "AN"}, "geometry": {"type": "Polygon", "coordinates": [[[93.12733566720732, 8.355592038941495], [93.12576238782401, 8.277262807332761], [93.20192582801462, 8.197243665063127], [93.1207784979294, 8.224059660624903], [93.08511186042409, 8.276390920904305], [93.09551817662259, 8.339466891583811], [93.12733566720732, 8.355592038941495]]]}}, {"type": "Feature", "properties": {"ST_NM": "Andaman & Nicobar Island", "ST_ID": "IN-AN", "ID": "AN"}, "geometry": {"type": "Polygon", "coordinates": [[[93.03551682344272, 8.454442626026434], [93.05626143741546, 8.460862850140472], [93.0587941450338, 8.441246245917569], [93.03551682344272, 8.454442626026434]]]}}, {"type": "Feature", "properties": {"ST_NM": "Andaman & Nicobar Island", "ST_ID": "IN-AN", "ID": "AN"}, "geometry": {"type": "Polygon", "coordinates": [[[93.61428249504115, 8.575312261751549], [93.63576879609315, 8.522536144627395], [93.64239061313634, 8.468268480306165], [93.61936614493169, 8.48057297756094], [93.61428249504115, 8.575312261751549]]]}}, {"type": "Feature", "properties": {"ST_NM": "Andaman & Nicobar Island", "ST_ID": "IN-AN", "ID": "AN"}, "geometry": {"type": "Polygon", "coordinates": [[[92.79464721979343, 9.239083354113575], [92.82695587241562, 9.138722809809849], [92.73326515636194, 9.123192789715517], [92.72461363151393, 9.219024266356882], [92.79464721979343, 9.239083354113575]]]}}, {"type": "Feature", "properties": {"ST_NM": "Andaman & Nicobar Island", "ST_ID": "IN-AN", "ID": "AN"}, "geometry": {"type": "Polygon", "coordinates": [[[92.70644749345712, 11.288634062212225], [92.7058574329742, 11.263811365402262], [92.69408871941891, 11.26990663928001], [92.70644749345712, 11.288634062212225]]]}}, {"type": "Feature", "properties": {"ST_NM": "Andaman & Nicobar Island", "ST_ID": "IN-AN", "ID": "AN"}, "geometry": {"type": "Polygon", "coordinates": [[[92.64190197119905, 11.510217993265826], [92.67708738687344, 11.471293666869258], [92.65799606406716, 11.412443109561877], [92.69084863295808, 11.370816556039301], [92.59822921090944, 11.347769341282117], [92.58847019434404, 11.401405255248392], [92.62452096826814, 11.408560546532044], [92.61531558514622, 11.481679285170912], [92.64190197119905, 11.510217993265826]]]}}, {"type": "Feature", "properties": {"ST_NM": "Andaman & Nicobar Island", "ST_ID": "IN-AN", "ID": "AN"}, "geometry": {"type": "Polygon", "coordinates": [[[92.55271314979211, 11.531207602349014], [92.56892494682887, 11.527706542522992], [92.56178804758036, 11.517546139642661], [92.55271314979211, 11.531207602349014]]]}}, {"type": "Feature", "properties": {"ST_NM": "Andaman & Nicobar Island", "ST_ID": "IN-AN", "ID": "AN"}, "geometry": {"type": "Polygon", "coordinates": [[[92.60685015161329, 11.537465625638163], [92.62036536656848, 11.5563855673401], [92.6159271556138, 11.534696274913188], [92.60685015161329, 11.537465625638163]]]}}, {"type": "Feature", "properties": {"ST_NM": "Andaman & Nicobar Island", "ST_ID": "IN-AN", "ID": "AN"}, "geometry": {"type": "Polygon", "coordinates": [[[92.59730416375623, 11.562584666149462], [92.58446925804986, 11.548944623495629], [92.58935758058794, 11.561643889853656], [92.59730416375623, 11.562584666149462]]]}}, {"type": "Feature", "properties": {"ST_NM": "Andaman & Nicobar Island", "ST_ID": "IN-AN", "ID": "AN"}, "geometry": {"type": "Polygon", "coordinates": [[[92.60107930456633, 11.58557133045258], [92.6192567003365, 11.573107808778389], [92.6008637100922, 11.567337490532793], [92.60107930456633, 11.58557133045258]]]}}, {"type": "Feature", "properties": {"ST_NM": "Andaman & Nicobar Island", "ST_ID": "IN-AN", "ID": "AN"}, "geometry": {"type": "Polygon", "coordinates": [[[92.20805123387743, 11.58613046235098], [92.27030193088945, 11.58484267724782], [92.26131948070952, 11.518029985695307], [92.21303858616187, 11.534805029028917], [92.20805123387743, 11.58613046235098]]]}}, {"type": "Feature", "properties": {"ST_NM": "Andaman & Nicobar Island", "ST_ID": "IN-AN", "ID": "AN"}, "geometry": {"type": "Polygon", "coordinates": [[[92.54096382831807, 11.603434788184984], [92.56290299108025, 11.592812771392346], [92.55412731392448, 11.56239339024279], [92.53272837931132, 11.57091510874534], [92.54096382831807, 11.603434788184984]]]}}, {"type": "Feature", "properties": {"ST_NM": "Andaman & Nicobar Island", "ST_ID": "IN-AN", "ID": "AN"}, "geometry": {"type": "Polygon", "coordinates": [[[93.01289898909715, 11.849484071332881], [93.06337740134603, 11.844792149038483], [93.07154089919322, 11.834625743183551], [93.04595800455832, 11.814464614750193], [93.01289898909715, 11.849484071332881]]]}}, {"type": "Feature", "properties": {"ST_NM": "Andaman & Nicobar Island", "ST_ID": "IN-AN", "ID": "AN"}, "geometry": {"type": "Polygon", "coordinates": [[[92.73929256739814, 11.961751367931356], [92.767201334574, 11.954716780055378], [92.73642796318, 11.952318209917507], [92.73929256739814, 11.961751367931356]]]}}, {"type": "Feature", "properties": {"ST_NM": "Andaman & Nicobar Island", "ST_ID": "IN-AN", "ID": "AN"}, "geometry": {"type": "Polygon", "coordinates": [[[92.59477635024842, 11.976999707770347], [92.6093130286734, 11.940376856207024], [92.59665583439931, 11.92994863971802], [92.59477635024842, 11.976999707770347]]]}}, {"type": "Feature", "properties": {"ST_NM": "Andaman & Nicobar Island", "ST_ID": "IN-AN", "ID": "AN"}, "geometry": {"type": "Polygon", "coordinates": [[[92.97456392008888, 12.042940592034768], [93.00979848731038, 12.016811861078565], [93.0450210818575, 11.884483664589482], [92.93457173060096, 11.985385530617805], [92.97456392008888, 12.042940592034768]]]}}, {"type": "Feature", "properties": {"ST_NM": "Andaman & Nicobar Island", "ST_ID": "IN-AN", "ID": "AN"}, "geometry": {"type": "Polygon", "coordinates": [[[92.95968609193966, 12.106384653429075], [93.00509434143078, 12.103840126021055], [92.99225319353013, 12.044464382625222], [92.95968609193966, 12.106384653429075]]]}}, {"type": "Feature", "properties": {"ST_NM": "Andaman & Nicobar Island", "ST_ID": "IN-AN", "ID": "AN"}, "geometry": {"type": "Polygon", "coordinates": [[[93.11005122898109, 12.142893389118683], [93.12367442553438, 12.140311202599946], [93.11525855633738, 12.130173314247088], [93.11005122898109, 12.142893389118683]]]}}, {"type": "Feature", "properties": {"ST_NM": "Andaman & Nicobar Island", "ST_ID": "IN-AN", "ID": "AN"}, "geometry": {"type": "Polygon", "coordinates": [[[92.96373274527002, 12.150755186003096], [92.99215432206438, 12.144082852241866], [92.9962446860435, 12.113317725832417], [92.96222996014461, 12.123964765361677], [92.96373274527002, 12.150755186003096]]]}}, {"type": "Feature", "properties": {"ST_NM": "Andaman & Nicobar Island", "ST_ID": "IN-AN", "ID": "AN"}, "geometry": {"type": "Polygon", "coordinates": [[[93.0288539244691, 12.165880667658712], [93.05315015185806, 12.060262085926581], [93.04529949757381, 12.045734615660024], [93.00777809018678, 12.075626789045145], [93.0288539244691, 12.165880667658712]]]}}, {"type": "Feature", "properties": {"ST_NM": "Andaman & Nicobar Island", "ST_ID": "IN-AN", "ID": "AN"}, "geometry": {"type": "Polygon", "coordinates": [[[93.07447236350885, 12.210406877375533], [93.09504538953314, 12.142433763607357], [93.07480977385205, 12.083924556573095], [93.0367775425496, 12.133313590349985], [93.07447236350885, 12.210406877375533]]]}}, {"type": "Feature", "properties": {"ST_NM": "Andaman & Nicobar Island", "ST_ID": "IN-AN", "ID": "AN"}, "geometry": {"type": "Polygon", "coordinates": [[[92.92706839718886, 12.222284667903125], [92.94103382085422, 12.21696990124002], [92.92555450183886, 12.207465426987937], [92.92706839718886, 12.222284667903125]]]}}, {"type": "Feature", "properties": {"ST_NM": "Andaman & Nicobar Island", "ST_ID": "IN-AN", "ID": "AN"}, "geometry": {"type": "Polygon", "coordinates": [[[92.73146189335176, 12.242318437945585], [92.76274518034586, 12.229382100403654], [92.76324166906784, 12.181654251142845], [92.72107119477988, 12.19017803718674], [92.73146189335176, 12.242318437945585]]]}}, {"type": "Feature", "properties": {"ST_NM": "Andaman & Nicobar Island", "ST_ID": "IN-AN", "ID": "AN"}, "geometry": {"type": "Polygon", "coordinates": [[[92.87307298193264, 12.248418450351267], [92.91420453511125, 12.232231270456793], [92.88093780413641, 12.22381722418561], [92.87307298193264, 12.248418450351267]]]}}, {"type": "Feature", "properties": {"ST_NM": "Andaman & Nicobar Island", "ST_ID": "IN-AN", "ID": "AN"}, "geometry": {"type": "Polygon", "coordinates": [[[93.07925767949837, 12.259589187590962], [93.10069050416348, 12.232449984679079], [93.10216287062002, 12.206404943733219], [93.06711345941869, 12.228424158747998], [93.07925767949837, 12.259589187590962]]]}}, {"type": "Feature", "properties": {"ST_NM": "Andaman & Nicobar Island", "ST_ID": "IN-AN", "ID": "AN"}, "geometry": {"type": "Polygon", "coordinates": [[[92.74006545016044, 12.276446528784334], [92.74242136815167, 12.254564191484292], [92.73430955254389, 12.254220944541032], [92.74006545016044, 12.276446528784334]]]}}, {"type": "Feature", "properties": {"ST_NM": "Andaman & Nicobar Island", "ST_ID": "IN-AN", "ID": "AN"}, "geometry": {"type": "Polygon", "coordinates": [[[92.76742815528519, 12.286633586670746], [92.75890698716779, 12.269160175701586], [92.75379025841374, 12.281582599257604], [92.76742815528519, 12.286633586670746]]]}}, {"type": "Feature", "properties": {"ST_NM": "Andaman & Nicobar Island", "ST_ID": "IN-AN", "ID": "AN"}, "geometry": {"type": "Polygon", "coordinates": [[[93.85086028747236, 12.290114226490402], [93.87745923615489, 12.2795323554339], [93.85585900718752, 12.265413247523384], [93.85086028747236, 12.290114226490402]]]}}, {"type": "Feature", "properties": {"ST_NM": "Andaman & Nicobar Island", "ST_ID": "IN-AN", "ID": "AN"}, "geometry": {"type": "Polygon", "coordinates": [[[92.69992760917188, 12.275689566720189], [92.72129707480025, 12.279989894518053], [92.70412035557001, 12.245565491454329], [92.69992760917188, 12.275689566720189]]]}}, {"type": "Feature", "properties": {"ST_NM": "Andaman & Nicobar Island", "ST_ID": "IN-AN", "ID": "AN"}, "geometry": {"type": "Polygon", "coordinates": [[[92.9343706008226, 12.308183936539479], [92.94230353048363, 12.275684475658068], [92.91904930078465, 12.237511145223209], [92.90219726828934, 12.289858226376111], [92.9343706008226, 12.308183936539479]]]}}, {"type": "Feature", "properties": {"ST_NM": "Andaman & Nicobar Island", "ST_ID": "IN-AN", "ID": "AN"}, "geometry": {"type": "Polygon", "coordinates": [[[92.86254255209718, 12.379834271134769], [92.87288697965045, 12.405892325270656], [92.89078460172806, 12.392513714636266], [92.86254255209718, 12.379834271134769]]]}}, {"type": "Feature", "properties": {"ST_NM": "Andaman & Nicobar Island", "ST_ID": "IN-AN", "ID": "AN"}, "geometry": {"type": "Polygon", "coordinates": [[[92.95578684108989, 12.429930768290376], [92.93314423042193, 12.360954241345212], [92.91881832070897, 12.365491894835145], [92.92796792607896, 12.409798263479104], [92.95578684108989, 12.429930768290376]]]}}, {"type": "Feature", "properties": {"ST_NM": "Andaman & Nicobar Island", "ST_ID": "IN-AN", "ID": "AN"}, "geometry": {"type": "Polygon", "coordinates": [[[92.66863388014951, 12.535328563762278], [92.68459620974733, 12.53927410451638], [92.67705931993174, 12.522811044094453], [92.66863388014951, 12.535328563762278]]]}}, {"type": "Feature", "properties": {"ST_NM": "Andaman & Nicobar Island", "ST_ID": "IN-AN", "ID": "AN"}, "geometry": {"type": "Polygon", "coordinates": [[[92.71038736668368, 12.829076015845487], [92.7248260190056, 12.755035114179236], [92.71960637813191, 12.72246150149715], [92.69963539425811, 12.78603981638446], [92.71038736668368, 12.829076015845487]]]}}, {"type": "Feature", "properties": {"ST_NM": "Andaman & Nicobar Island", "ST_ID": "IN-AN", "ID": "AN"}, "geometry": {"type": "Polygon", "coordinates": [[[92.72922695126283, 12.864270042528517], [92.71928391542042, 12.836799760500583], [92.71248000814592, 12.845251452392688], [92.72922695126283, 12.864270042528517]]]}}, {"type": "Feature", "properties": {"ST_NM": "Andaman & Nicobar Island", "ST_ID": "IN-AN", "ID": "AN"}, "geometry": {"type": "Polygon", "coordinates": [[[92.77537498306907, 12.904557787911642], [92.79865001138899, 12.894590025209538], [92.79325774834649, 12.892138902288536], [92.77537498306907, 12.904557787911642]]]}}, {"type": "Feature", "properties": {"ST_NM": "Andaman & Nicobar Island", "ST_ID": "IN-AN", "ID": "AN"}, "geometry": {"type": "Polygon", "coordinates": [[[92.86140577036008, 12.933721095851922], [92.87230948719315, 12.915999338898416], [92.85967235409595, 12.925815557741828], [92.86140577036008, 12.933721095851922]]]}}, {"type": "Feature", "properties": {"ST_NM": "Andaman & Nicobar Island", "ST_ID": "IN-AN", "ID": "AN"}, "geometry": {"type": "Polygon", "coordinates": [[[92.69625226972653, 12.991513173594115], [92.72031532808995, 12.978889611266595], [92.71961608721273, 12.874334060568515], [92.66976194475802, 12.788659184473829], [92.64857569531216, 12.86209044202036], [92.69625226972653, 12.991513173594115]]]}}, {"type": "Feature", "properties": {"ST_NM": "Andaman & Nicobar Island", "ST_ID": "IN-AN", "ID": "AN"}, "geometry": {"type": "Polygon", "coordinates": [[[93.00632818969427, 12.997075929210837], [92.9802393841403, 12.96666339819734], [92.98119005657588, 12.932929001772038], [92.95265603574751, 12.979669100448689], [93.00632818969427, 12.997075929210837]]]}}, {"type": "Feature", "properties": {"ST_NM": "Andaman & Nicobar Island", "ST_ID": "IN-AN", "ID": "AN"}, "geometry": {"type": "Polygon", "coordinates": [[[92.9208622755736, 13.000524697956507], [92.93947074338018, 13.025619637536295], [92.94446223704267, 12.99790987863804], [92.9208622755736, 13.000524697956507]]]}}, {"type": "Feature", "properties": {"ST_NM": "Andaman & Nicobar Island", "ST_ID": "IN-AN", "ID": "AN"}, "geometry": {"type": "Polygon", "coordinates": [[[92.71679370166805, 13.09792986317268], [92.69989498896263, 13.072799828449376], [92.69590698491947, 13.089755979954589], [92.71679370166805, 13.09792986317268]]]}}, {"type": "Feature", "properties": {"ST_NM": "Andaman & Nicobar Island", "ST_ID": "IN-AN", "ID": "AN"}, "geometry": {"type": "Polygon", "coordinates": [[[93.02530322026746, 13.32629782558422], [93.02406253535776, 13.305183806987145], [93.01487108003636, 13.30869851942117], [93.02530322026746, 13.32629782558422]]]}}, {"type": "Feature", "properties": {"ST_NM": "Andaman & Nicobar Island", "ST_ID": "IN-AN", "ID": "AN"}, "geometry": {"type": "Polygon", "coordinates": [[[92.82227487328686, 13.435130947635173], [92.83460588615276, 13.419951669434056], [92.82188205211509, 13.42180490057575], [92.82227487328686, 13.435130947635173]]]}}, {"type": "Feature", "properties": {"ST_NM": "Andaman & Nicobar Island", "ST_ID": "IN-AN", "ID": "AN"}, "geometry": {"type": "Polygon", "coordinates": [[[94.27576452141557, 13.46858455413394], [94.24638978286225, 13.442780768917373], [94.25972397238348, 13.466777376374864], [94.27576452141557, 13.46858455413394]]]}}, {"type": "Feature", "properties": {"ST_NM": "Andaman & Nicobar Island", "ST_ID": "IN-AN", "ID": "AN"}, "geometry": {"type": "Polygon", "coordinates": [[[93.01673471453552, 13.675074218100747], [93.03161277740782, 13.634383011666728], [93.02411162934828, 13.627192461562913], [92.97691989114014, 13.654955297549009], [93.01673471453552, 13.675074218100747]]]}}, {"type": "Feature", "properties": {"ST_NM": "Andhra Pradesh", "ST_ID": "IN-AP", "ID": "AP"}, "geometry": {"type": "Polygon", "coordinates": [[[81.3937476741159, 16.3338047116182], [81.27536218351798, 16.27830194627785], [81.27045886028822, 16.286025632476992], [81.27704388426793, 16.31638931321629], [81.3937476741159, 16.3338047116182]]]}}, {"type": "Feature", "properties": {"ST_NM": "Daman & Diu", "ST_ID": "IN-DD", "ID": "DD"}, "geometry": {"type": "Polygon", "coordinates": [[[72.8019824127582, 20.374169796998558], [72.84460874080082, 20.474556634780924], [72.88248083792041, 20.462766680138202], [72.85932359380888, 20.424372720824465], [72.90260940280177, 20.415240633348617], [72.89354408818917, 20.372146287321357], [72.8019824127582, 20.374169796998558]]]}}, {"type": "Feature", "properties": {"ST_NM": "Daman & Diu", "ST_ID": "IN-DD", "ID": "DD"}, "geometry": {"type": "Polygon", "coordinates": [[[70.8745822834457, 20.709028243758496], [70.9601383123333, 20.736249923495222], [70.99764441685642, 20.714029311603497], [70.8745822834457, 20.709028243758496]]]}}, {"type": "Feature", "properties": {"ST_NM": "Daman & Diu", "ST_ID": "IN-DD", "ID": "DD"}, "geometry": {"type": "Polygon", "coordinates": [[[70.9912481569769, 20.731531142947915], [71.00425784772153, 20.74304610199607], [71.01295724438137, 20.73986244349703], [70.9912481569769, 20.731531142947915]]]}}, {"type": "Feature", "properties": {"ST_NM": "Bihar", "ST_ID": "IN-BR", "ID": "BR"}, "geometry": {"type": "Polygon", "coordinates": [[[84.51099010241137, 24.268493254060502], [84.49672419996193, 24.27687608216553], [84.50490974648767, 24.2818900238056], [84.51099010241137, 24.268493254060502]]]}}, {"type": "Feature", "properties": {"ST_NM": "Lakshadweep", "ST_ID": "IN-LD", "ID": "LD"}, "geometry": {"type": "Polygon", "coordinates": [[[74.10130977932289, 11.204314719848469], [73.99593294614863, 11.25583684749256], [73.96505674447326, 11.305959030185136], [73.97830933310928, 11.347660570079313], [74.08997329073486, 11.297792730949823], [74.12313345204723, 11.234720611167347], [74.10130977932289, 11.204314719848469]]]}}, {"type": "Feature", "properties": {"ST_NM": "Lakshadweep", "ST_ID": "IN-LD", "ID": "LD"}, "geometry": {"type": "Polygon", "coordinates": [[[71.84485779744944, 11.835468855803128], [71.78201177981981, 11.83528896081691], [71.76102479585768, 11.872320707134975], [71.73290458547831, 11.947071759354287], [71.77335381852396, 12.003507835718096], [71.84485779744944, 11.835468855803128]]]}}, {"type": "Feature", "properties": {"ST_NM": "Lakshadweep", "ST_ID": "IN-LD", "ID": "LD"}, "geometry": {"type": "Polygon", "coordinates": [[[72.26489488968747, 10.011303618267391], [72.23501526454288, 10.016960460057248], [72.24451276275386, 10.0559334002063], [72.32292753337902, 10.136910172066848], [72.33429259612649, 10.078768196894828], [72.26489488968747, 10.011303618267391]]]}}, {"type": "Feature", "properties": {"ST_NM": "Lakshadweep", "ST_ID": "IN-LD", "ID": "LD"}, "geometry": {"type": "Polygon", "coordinates": [[[72.17878137016413, 11.49134833355879], [72.13708899076437, 11.5524267157204], [72.1755584508619, 11.60667004708506], [72.19516391788056, 11.590508117455727], [72.17878137016413, 11.49134833355879]]]}}, {"type": "Feature", "properties": {"ST_NM": "Lakshadweep", "ST_ID": "IN-LD", "ID": "LD"}, "geometry": {"type": "Polygon", "coordinates": [[[72.1028944993817, 11.21791065884986], [72.05955971780679, 11.1218992674373], [72.00127836480476, 11.191560650603606], [72.1028944993817, 11.21791065884986]]]}}, {"type": "Feature", "properties": {"ST_NM": "Lakshadweep", "ST_ID": "IN-LD", "ID": "LD"}, "geometry": {"type": "Polygon", "coordinates": [[[71.90091103241826, 12.285319025152944], [71.87989250023873, 12.393948084736394], [71.89744561812086, 12.40304904128027], [71.92643048797669, 12.37815228619911], [71.90091103241826, 12.285319025152944]]]}}, {"type": "Feature", "properties": {"ST_NM": "Lakshadweep", "ST_ID": "IN-LD", "ID": "LD"}, "geometry": {"type": "Polygon", "coordinates": [[[73.06269421826363, 8.328953440948567], [73.06979845863202, 8.283024219592107], [73.01620584522362, 8.265762993767225], [73.00674936419188, 8.297794891720912], [73.06269421826363, 8.328953440948567]]]}}, {"type": "Feature", "properties": {"ST_NM": "Lakshadweep", "ST_ID": "IN-LD", "ID": "LD"}, "geometry": {"type": "Polygon", "coordinates": [[[73.64593624915864, 10.05336895821091], [73.62021588235712, 10.103152906781247], [73.65861946081952, 10.15462929850338], [73.66592917738967, 10.138009508731898], [73.64593624915864, 10.05336895821091]]]}}, {"type": "Feature", "properties": {"ST_NM": "Lakshadweep", "ST_ID": "IN-LD", "ID": "LD"}, "geometry": {"type": "Polygon", "coordinates": [[[72.63255538142579, 10.57830965676527], [72.65098117713967, 10.56110169148991], [72.61538366692275, 10.541626612678101], [72.63255538142579, 10.57830965676527]]]}}, {"type": "Feature", "properties": {"ST_NM": "Lakshadweep", "ST_ID": "IN-LD", "ID": "LD"}, "geometry": {"type": "Polygon", "coordinates": [[[73.66301989305367, 10.801565611863566], [73.69975730115857, 10.816468326951792], [73.70387561966419, 10.811481884781188], [73.66301989305367, 10.801565611863566]]]}}, {"type": "Feature", "properties": {"ST_NM": "Lakshadweep", "ST_ID": "IN-LD", "ID": "LD"}, "geometry": {"type": "Polygon", "coordinates": [[[73.01091192574484, 11.487840731164852], [73.0002998716418, 11.477912184299896], [72.99725028767068, 11.4918148038102], [73.01091192574484, 11.487840731164852]]]}}, {"type": "Feature", "properties": {"ST_NM": "Lakshadweep", "ST_ID": "IN-LD", "ID": "LD"}, "geometry": {"type": "Polygon", "coordinates": [[[72.70793564611324, 11.700316800679843], [72.70911009055828, 11.679229455075358], [72.69995798147573, 11.68803662558986], [72.70793564611324, 11.700316800679843]]]}}, {"type": "Feature", "properties": {"ST_NM": "Lakshadweep", "ST_ID": "IN-LD", "ID": "LD"}, "geometry": {"type": "Polygon", "coordinates": [[[72.73313076926962, 11.124641149269678], [72.71680470887026, 11.120331942465214], [72.72218216097798, 11.130025418238517], [72.73313076926962, 11.124641149269678]]]}}, {"type": "Feature", "properties": {"ST_NM": "Madhya Pradesh", "ST_ID": "IN-MP", "ID": "MP"}, "geometry": {"type": "Polygon", "coordinates": [[[74.17260899161175, 22.418668317089214], [74.16720972285049, 22.396194782563214], [74.15897117028334, 22.41304016996793], [74.17260899161175, 22.418668317089214]]]}}, {"type": "Feature", "properties": {"ST_NM": "Karnataka", "ST_ID": "IN-KA", "ID": "KA"}, "geometry": {"type": "Polygon", "coordinates": [[[77.2748991449796, 18.4748583622237], [77.29394957291453, 18.45824988592352], [77.26833200491814, 18.45297080795649], [77.2748991449796, 18.4748583622237]]]}}, {"type": "Feature", "properties": {"ST_NM": "Karnataka", "ST_ID": "IN-KA", "ID": "KA"}, "geometry": {"type": "Polygon", "coordinates": [[[74.30910680123793, 15.79856310010706], [74.26523309643034, 15.797056716794089], [74.2655200521088, 15.82146516518526], [74.2897467331253, 15.83079594707533], [74.30910680123793, 15.79856310010706]]]}}, {"type": "Feature", "properties": {"ST_NM": "Puducherry", "ST_ID": "IN-PY", "ID": "PY"}, "geometry": {"type": "Polygon", "coordinates": [[[79.67573944511935, 11.801549173855335], [79.68831460143775, 11.811791887185905], [79.6905437437988, 11.802742897966425], [79.67573944511935, 11.801549173855335]]]}}, {"type": "Feature", "properties": {"ST_NM": "Puducherry", "ST_ID": "IN-PY", "ID": "PY"}, "geometry": {"type": "Polygon", "coordinates": [[[79.7301954211818, 11.837803447271313], [79.80756347987074, 11.832101179825656], [79.79509635641176, 11.78485633215405], [79.71250414584972, 11.789296169982322], [79.7301954211818, 11.837803447271313]]]}}, {"type": "Feature", "properties": {"ST_NM": "Puducherry", "ST_ID": "IN-PY", "ID": "PY"}, "geometry": {"type": "Polygon", "coordinates": [[[79.67001971913481, 11.814905209707717], [79.64629870262308, 11.816204128417837], [79.64878176136926, 11.843607456818745], [79.6613407199983, 11.838698568584107], [79.67001971913481, 11.814905209707717]]]}}, {"type": "Feature", "properties": {"ST_NM": "Puducherry", "ST_ID": "IN-PY", "ID": "PY"}, "geometry": {"type": "Polygon", "coordinates": [[[79.5997736246531, 11.879803101631865], [79.66425572761977, 11.860290702753787], [79.60242143110423, 11.856514753453155], [79.5997736246531, 11.879803101631865]]]}}, {"type": "Feature", "properties": {"ST_NM": "Puducherry", "ST_ID": "IN-PY", "ID": "PY"}, "geometry": {"type": "Polygon", "coordinates": [[[79.68893557251869, 11.971887635705855], [79.67572257383779, 11.947927627058391], [79.66113570245079, 11.957410268469175], [79.66254856526416, 11.968175424955973], [79.68893557251869, 11.971887635705855]]]}}, {"type": "Feature", "properties": {"ST_NM": "Puducherry", "ST_ID": "IN-PY", "ID": "PY"}, "geometry": {"type": "Polygon", "coordinates": [[[79.64368749947857, 11.953270459763928], [79.67128329089121, 11.932847805781648], [79.64175059361509, 11.901175445090757], [79.62767192731764, 12.030438591068162], [79.65429282845133, 12.023789306931008], [79.64368749947857, 11.953270459763928]]]}}, {"type": "Feature", "properties": {"ST_NM": "Puducherry", "ST_ID": "IN-PY", "ID": "PY"}, "geometry": {"type": "Polygon", "coordinates": [[[79.87502541269271, 12.043306995621379], [79.84226500722434, 12.010641333730632], [79.85004381017376, 12.050200347667953], [79.87502541269271, 12.043306995621379]]]}}, {"type": "Feature", "properties": {"ST_NM": "Puducherry", "ST_ID": "IN-PY", "ID": "PY"}, "geometry": {"type": "Polygon", "coordinates": [[[82.18864143705275, 16.727316899955042], [82.227200287963, 16.762687908720068], [82.22997113785777, 16.72938792801051], [82.31235859707164, 16.734027504365883], [82.26301940642054, 16.70090334561297], [82.18864143705275, 16.727316899955042]]]}}, {"type": "Feature", "properties": {"ST_NM": "Uttar Pradesh", "ST_ID": "IN-UP", "ID": "UP"}, "geometry": {"type": "Polygon", "coordinates": [[[79.39955618696854, 25.030694972594972], [79.36195525702954, 25.049117588306103], [79.36172983566343, 25.14067310697834], [79.4241453721113, 25.0568323100631], [79.39955618696854, 25.030694972594972]]]}}, {"type": "Feature", "properties": {"ST_NM": "Uttar Pradesh", "ST_ID": "IN-UP", "ID": "UP"}, "geometry": {"type": "Polygon", "coordinates": [[[79.36270759657839, 25.1866126525519], [79.36914078621834, 25.170435096302697], [79.35657519418993, 25.174291122137618], [79.36270759657839, 25.1866126525519]]]}}, {"type": "Feature", "properties": {"ST_NM": "West Bengal", "ST_ID": "IN-WB", "ID": "WB"}, "geometry": {"type": "Polygon", "coordinates": [[[88.49771200640402, 21.599755000492905], [88.52971600738789, 21.583060001318074], [88.53083000749888, 21.542209000644903], [88.48143700681248, 21.555380000086984], [88.49771200640402, 21.599755000492905]]]}}, {"type": "Feature", "properties": {"ST_NM": "West Bengal", "ST_ID": "IN-WB", "ID": "WB"}, "geometry": {"type": "Polygon", "coordinates": [[[88.1777810060886, 21.60111100007265], [88.18638700545597, 21.576942999819664], [88.1866690067693, 21.56], [88.17444600517905, 21.566666999882216], [88.1777810060886, 21.60111100007265]]]}}, {"type": "Feature", "properties": {"ST_NM": "West Bengal", "ST_ID": "IN-WB", "ID": "WB"}, "geometry": {"type": "Polygon", "coordinates": [[[88.83472300746087, 21.60722200039504], [88.89250200636258, 21.57944600103218], [88.90000200688718, 21.55222100009911], [88.83583100639589, 21.56000000089938], [88.83472300746087, 21.60722200039504]]]}}, {"type": "Feature", "properties": {"ST_NM": "West Bengal", "ST_ID": "IN-WB", "ID": "WB"}, "geometry": {"type": "Polygon", "coordinates": [[[88.72885100666866, 21.637081000487854], [88.75709600697519, 21.59957500028611], [88.74054700643927, 21.57306200071082], [88.7080240067026, 21.590071000876037], [88.72885100666866, 21.637081000487854]]]}}, {"type": "Feature", "properties": {"ST_NM": "West Bengal", "ST_ID": "IN-WB", "ID": "WB"}, "geometry": {"type": "Polygon", "coordinates": [[[88.53721600701317, 21.63862100135816], [88.58389300655705, 21.610829000358137], [88.5500020066873, 21.563610001000768], [88.51027700667856, 21.601389001201483], [88.53721600701317, 21.63862100135816]]]}}, {"type": "Feature", "properties": {"ST_NM": "West Bengal", "ST_ID": "IN-WB", "ID": "WB"}, "geometry": {"type": "Polygon", "coordinates": [[[88.7741690064945, 21.6483300012286], [88.79805700642578, 21.59194500096106], [88.7488870070298, 21.57944100080158], [88.7303910066397, 21.634147000983376], [88.7741690064945, 21.6483300012286]]]}}, {"type": "Feature", "properties": {"ST_NM": "West Bengal", "ST_ID": "IN-WB", "ID": "WB"}, "geometry": {"type": "Polygon", "coordinates": [[[88.95423200670183, 21.67654800029004], [88.98777900689572, 21.613056000534073], [88.93972100751853, 21.646945001210895], [88.95423200670183, 21.67654800029004]]]}}, {"type": "Feature", "properties": {"ST_NM": "West Bengal", "ST_ID": "IN-WB", "ID": "WB"}, "geometry": {"type": "Polygon", "coordinates": [[[88.57688200699909, 21.691734000923475], [88.58583000684939, 21.658055000937566], [88.60333200726637, 21.621111000572284], [88.55750300635873, 21.63500000074947], [88.57688200699909, 21.691734000923475]]]}}, {"type": "Feature", "properties": {"ST_NM": "West Bengal", "ST_ID": "IN-WB", "ID": "WB"}, "geometry": {"type": "Polygon", "coordinates": [[[88.58082500716841, 21.68406000136804], [88.60633800739316, 21.679978001083953], [88.58854700623942, 21.65733100082508], [88.58082500716841, 21.68406000136804]]]}}, {"type": "Feature", "properties": {"ST_NM": "West Bengal", "ST_ID": "IN-WB", "ID": "WB"}, "geometry": {"type": "Polygon", "coordinates": [[[88.98449000630882, 21.70568900144633], [88.98790600645708, 21.65298000072653], [89.02205000630283, 21.654600000789458], [89.02876200646148, 21.604822000335105], [88.96499600666044, 21.6440390002997], [88.95244500703149, 21.701491001208808], [88.98449000630882, 21.70568900144633]]]}}, {"type": "Feature", "properties": {"ST_NM": "West Bengal", "ST_ID": "IN-WB", "ID": "WB"}, "geometry": {"type": "Polygon", "coordinates": [[[88.806656007269, 21.706672000012816], [88.79666900626967, 21.65556000099332], [88.7319410070719, 21.68306000021886], [88.76027800712438, 21.68333300021783], [88.806656007269, 21.706672000012816]]]}}, {"type": "Feature", "properties": {"ST_NM": "West Bengal", "ST_ID": "IN-WB", "ID": "WB"}, "geometry": {"type": "Polygon", "coordinates": [[[88.30065100563945, 21.702428001251292], [88.35389000561935, 21.64944000025588], [88.31222500517993, 21.608334000413834], [88.30065100563945, 21.702428001251292]]]}}, {"type": "Feature", "properties": {"ST_NM": "West Bengal", "ST_ID": "IN-WB", "ID": "WB"}, "geometry": {"type": "Polygon", "coordinates": [[[88.45403200567256, 21.709341000786594], [88.47055200666983, 21.67428700124418], [88.45111100676763, 21.62055700020545], [88.41959500580492, 21.68982900030818], [88.45403200567256, 21.709341000786594]]]}}, {"type": "Feature", "properties": {"ST_NM": "West Bengal", "ST_ID": "IN-WB", "ID": "WB"}, "geometry": {"type": "Polygon", "coordinates": [[[88.69712100752855, 21.712880001211147], [88.7413630071971, 21.653709001069615], [88.72511300695976, 21.638202000921638], [88.68712700710574, 21.68362000086239], [88.69712100752855, 21.712880001211147]]]}}, {"type": "Feature", "properties": {"ST_NM": "West Bengal", "ST_ID": "IN-WB", "ID": "WB"}, "geometry": {"type": "Polygon", "coordinates": [[[88.2045060064471, 21.721181000902504], [88.19416800634849, 21.688056000384165], [88.23166600618129, 21.641110001025766], [88.205003005984, 21.609720000477694], [88.18148900531338, 21.689218000910046], [88.2045060064471, 21.721181000902504]]]}}, {"type": "Feature", "properties": {"ST_NM": "West Bengal", "ST_ID": "IN-WB", "ID": "WB"}, "geometry": {"type": "Polygon", "coordinates": [[[89.05905900696763, 21.722003001037706], [89.0951400062064, 21.65063000027436], [89.04943800665876, 21.620226000229763], [89.01848500647793, 21.708208000698733], [89.05905900696763, 21.722003001037706]]]}}, {"type": "Feature", "properties": {"ST_NM": "West Bengal", "ST_ID": "IN-WB", "ID": "WB"}, "geometry": {"type": "Polygon", "coordinates": [[[88.97799700635682, 21.72687600092678], [89.01965200723441, 21.69935100054829], [89.00776000741848, 21.65222100079859], [88.9929960064606, 21.651421000778612], [88.97799700635682, 21.72687600092678]]]}}, {"type": "Feature", "properties": {"ST_NM": "West Bengal", "ST_ID": "IN-WB", "ID": "WB"}, "geometry": {"type": "Polygon", "coordinates": [[[88.5456700056663, 21.736129000453047], [88.5859600065491, 21.711330000778958], [88.55156800695801, 21.6366590008123], [88.51727400649025, 21.71195900010781], [88.5456700056663, 21.736129000453047]]]}}, {"type": "Feature", "properties": {"ST_NM": "West Bengal", "ST_ID": "IN-WB", "ID": "WB"}, "geometry": {"type": "Polygon", "coordinates": [[[88.88305700697538, 21.745280000671528], [88.94194800679514, 21.68972200076979], [88.92194400701038, 21.63291200068835], [88.87305400703684, 21.694444000889973], [88.88305700697538, 21.745280000671528]]]}}, {"type": "Feature", "properties": {"ST_NM": "West Bengal", "ST_ID": "IN-WB", "ID": "WB"}, "geometry": {"type": "Polygon", "coordinates": [[[88.39499600546134, 21.755001001095366], [88.43192300594205, 21.62827600093675], [88.4019470058497, 21.596111000622216], [88.39499600546134, 21.755001001095366]]]}}, {"type": "Feature", "properties": {"ST_NM": "West Bengal", "ST_ID": "IN-WB", "ID": "WB"}, "geometry": {"type": "Polygon", "coordinates": [[[88.22090900654547, 21.762150000721988], [88.2724310055865, 21.75205800117584], [88.31166900562016, 21.671940000031043], [88.2916650058354, 21.56305400144106], [88.24833600600192, 21.56388800033102], [88.21721700536057, 21.619720001177143], [88.22090900654547, 21.762150000721988]]]}}, {"type": "Feature", "properties": {"ST_NM": "West Bengal", "ST_ID": "IN-WB", "ID": "WB"}, "geometry": {"type": "Polygon", "coordinates": [[[88.92710100650629, 21.761950000492163], [88.96527000670551, 21.7499639999387], [88.98387900691068, 21.706391000544272], [88.92250000657009, 21.721112000418543], [88.92710100650629, 21.761950000492163]]]}}, {"type": "Feature", "properties": {"ST_NM": "West Bengal", "ST_ID": "IN-WB", "ID": "WB"}, "geometry": {"type": "Polygon", "coordinates": [[[88.36538800615165, 21.76416500101402], [88.36528100571388, 21.72222000115221], [88.3980570054265, 21.713334000563748], [88.3578800052581, 21.686820000043042], [88.33756200628164, 21.709760001223117], [88.36538800615165, 21.76416500101402]]]}}, {"type": "Feature", "properties": {"ST_NM": "West Bengal", "ST_ID": "IN-WB", "ID": "WB"}, "geometry": {"type": "Polygon", "coordinates": [[[89.00511800699047, 21.764977000688077], [89.02541400675108, 21.756970001064758], [89.0558310064958, 21.72993300070749], [89.02088100635342, 21.71725100043335], [89.00511800699047, 21.764977000688077]]]}}, {"type": "Feature", "properties": {"ST_NM": "West Bengal", "ST_ID": "IN-WB", "ID": "WB"}, "geometry": {"type": "Polygon", "coordinates": [[[88.78193600674138, 21.732501001320202], [88.8652800073665, 21.756389000352158], [88.83972100681905, 21.620447000528713], [88.78193600674138, 21.732501001320202]]]}}, {"type": "Feature", "properties": {"ST_NM": "West Bengal", "ST_ID": "IN-WB", "ID": "WB"}, "geometry": {"type": "Polygon", "coordinates": [[[88.37281800614613, 21.763609001454313], [88.38743600576709, 21.74233100047536], [88.3609910057304, 21.73472100117334], [88.37281800614613, 21.763609001454313]]]}}, {"type": "Feature", "properties": {"ST_NM": "West Bengal", "ST_ID": "IN-WB", "ID": "WB"}, "geometry": {"type": "Polygon", "coordinates": [[[87.95980152542012, 21.75572576203433], [87.93480291492267, 21.74705787582036], [87.95221676738998, 21.76820324568331], [87.95980152542012, 21.75572576203433]]]}}, {"type": "Feature", "properties": {"ST_NM": "West Bengal", "ST_ID": "IN-WB", "ID": "WB"}, "geometry": {"type": "Polygon", "coordinates": [[[88.58222200773952, 21.777781000292975], [88.58715900698263, 21.752229000967645], [88.61583100719531, 21.727321000763652], [88.57972000747242, 21.725839000769327], [88.58222200773952, 21.777781000292975]]]}}, {"type": "Feature", "properties": {"ST_NM": "West Bengal", "ST_ID": "IN-WB", "ID": "WB"}, "geometry": {"type": "Polygon", "coordinates": [[[88.30249000590908, 21.72456100029001], [88.2780310057264, 21.7281710003914], [88.2889090055462, 21.77848500128181], [88.29881200536983, 21.767071001025954], [88.30249000590908, 21.72456100029001]]]}}, {"type": "Feature", "properties": {"ST_NM": "West Bengal", "ST_ID": "IN-WB", "ID": "WB"}, "geometry": {"type": "Polygon", "coordinates": [[[88.9522170064098, 21.756669000673867], [89.01161200608925, 21.779944000215494], [89.0048380066687, 21.71613200099108], [88.9522170064098, 21.756669000673867]]]}}, {"type": "Feature", "properties": {"ST_NM": "West Bengal", "ST_ID": "IN-WB", "ID": "WB"}, "geometry": {"type": "Polygon", "coordinates": [[[88.60972700629634, 21.790279001075078], [88.63055400716178, 21.740556000459094], [88.6091690075437, 21.70806200026118], [88.621392006436, 21.739721000623717], [88.58625000643269, 21.756598000996973], [88.60972700629634, 21.790279001075078]]]}}, {"type": "Feature", "properties": {"ST_NM": "West Bengal", "ST_ID": "IN-WB", "ID": "WB"}, "geometry": {"type": "Polygon", "coordinates": [[[88.26500800591481, 21.788290000183395], [88.28797200550372, 21.78062300095081], [88.28360800660425, 21.77000000119915], [88.26500800591481, 21.788290000183395]]]}}, {"type": "Feature", "properties": {"ST_NM": "West Bengal", "ST_ID": "IN-WB", "ID": "WB"}, "geometry": {"type": "Polygon", "coordinates": [[[88.4586110054936, 21.7886500005971], [88.46721700576029, 21.73722100044887], [88.4331350060757, 21.704481000597752], [88.4231020056531, 21.766162001375335], [88.4586110054936, 21.7886500005971]]]}}, {"type": "Feature", "properties": {"ST_NM": "West Bengal", "ST_ID": "IN-WB", "ID": "WB"}, "geometry": {"type": "Polygon", "coordinates": [[[88.71620100607163, 21.807380000086994], [88.7761090069252, 21.723610000501196], [88.76025500696306, 21.685002000741804], [88.73269600771465, 21.68938000118618], [88.7477790071955, 21.658331001074885], [88.69499900769813, 21.74389000132254], [88.71620100607163, 21.807380000086994]]]}}, {"type": "Feature", "properties": {"ST_NM": "West Bengal", "ST_ID": "IN-WB", "ID": "WB"}, "geometry": {"type": "Polygon", "coordinates": [[[88.54457100534768, 21.81032000076749], [88.57250200646251, 21.735555000962563], [88.52481100602319, 21.71848200144325], [88.50472300596203, 21.772500001374], [88.54457100534768, 21.81032000076749]]]}}, {"type": "Feature", "properties": {"ST_NM": "West Bengal", "ST_ID": "IN-WB", "ID": "WB"}, "geometry": {"type": "Polygon", "coordinates": [[[88.38282100518529, 21.77959700040128], [88.44056000583964, 21.80052000119713], [88.42506500624512, 21.728558001150873], [88.38282100518529, 21.77959700040128]]]}}, {"type": "Feature", "properties": {"ST_NM": "West Bengal", "ST_ID": "IN-WB", "ID": "WB"}, "geometry": {"type": "Polygon", "coordinates": [[[88.99035000674746, 21.789751001007915], [89.0166170066696, 21.811630000923856], [89.00967400665013, 21.783763000062436], [88.99035000674746, 21.789751001007915]]]}}, {"type": "Feature", "properties": {"ST_NM": "West Bengal", "ST_ID": "IN-WB", "ID": "WB"}, "geometry": {"type": "Polygon", "coordinates": [[[88.7283330070627, 21.792221000698646], [88.7461080074786, 21.772222000245165], [88.7283330070627, 21.779723000815864], [88.7283330070627, 21.792221000698646]]]}}, {"type": "Feature", "properties": {"ST_NM": "West Bengal", "ST_ID": "IN-WB", "ID": "WB"}, "geometry": {"type": "Polygon", "coordinates": [[[88.82029600675537, 21.82207100037641], [88.83027700657863, 21.767221000748634], [88.79083200689166, 21.750009001114563], [88.82029600675537, 21.82207100037641]]]}}, {"type": "Feature", "properties": {"ST_NM": "West Bengal", "ST_ID": "IN-WB", "ID": "WB"}, "geometry": {"type": "Polygon", "coordinates": [[[88.78749700778076, 21.745000000349762], [88.75666100670014, 21.73341000097082], [88.75034300672445, 21.76889900078828], [88.78489700749094, 21.82422900006833], [88.78749700778076, 21.745000000349762]]]}}, {"type": "Feature", "properties": {"ST_NM": "West Bengal", "ST_ID": "IN-WB", "ID": "WB"}, "geometry": {"type": "Polygon", "coordinates": [[[88.88361300653509, 21.80222200054493], [88.9372320069516, 21.81750100097048], [88.90555700675054, 21.75166600018582], [88.88361300653509, 21.80222200054493]]]}}, {"type": "Feature", "properties": {"ST_NM": "West Bengal", "ST_ID": "IN-WB", "ID": "WB"}, "geometry": {"type": "Polygon", "coordinates": [[[88.48487800541568, 21.83469100138865], [88.48583300628826, 21.79861000035129], [88.44966800677315, 21.8114280015011], [88.45555900594343, 21.81861100089702], [88.48487800541568, 21.83469100138865]]]}}, {"type": "Feature", "properties": {"ST_NM": "West Bengal", "ST_ID": "IN-WB", "ID": "WB"}, "geometry": {"type": "Polygon", "coordinates": [[[88.94139100628996, 21.84722100004916], [88.9750000075444, 21.822780000696525], [88.94889000676847, 21.76416500101402], [88.91971700683445, 21.775000000649584], [88.94139100628996, 21.84722100004916]]]}}, {"type": "Feature", "properties": {"ST_NM": "West Bengal", "ST_ID": "IN-WB", "ID": "WB"}, "geometry": {"type": "Polygon", "coordinates": [[[88.59221600636369, 21.850000001398996], [88.61614300539543, 21.83077100138064], [88.6125030066085, 21.797780000746513], [88.57604100598769, 21.817034000119065], [88.59221600636369, 21.850000001398996]]]}}, {"type": "Feature", "properties": {"ST_NM": "West Bengal", "ST_ID": "IN-WB", "ID": "WB"}, "geometry": {"type": "Polygon", "coordinates": [[[88.33113000644471, 21.860687000504697], [88.37996700577276, 21.787269001663162], [88.31710000606051, 21.70891000069605], [88.26029900639406, 21.80720000077946], [88.33113000644471, 21.860687000504697]]]}}, {"type": "Feature", "properties": {"ST_NM": "West Bengal", "ST_ID": "IN-WB", "ID": "WB"}, "geometry": {"type": "Polygon", "coordinates": [[[88.8561110072173, 21.865281001017422], [88.877220006698, 21.85167000017043], [88.91333100732021, 21.72777900120002], [88.83499900669887, 21.781667000531684], [88.8561110072173, 21.865281001017422]]]}}, {"type": "Feature", "properties": {"ST_NM": "West Bengal", "ST_ID": "IN-WB", "ID": "WB"}, "geometry": {"type": "Polygon", "coordinates": [[[88.13694800534626, 21.87500000044969], [88.17094300551537, 21.745102000556926], [88.15499800585337, 21.652781000542802], [88.1155560063047, 21.625832999793147], [88.03694200616872, 21.67389099917034], [88.13694800534626, 21.87500000044969]]]}}, {"type": "Feature", "properties": {"ST_NM": "West Bengal", "ST_ID": "IN-WB", "ID": "WB"}, "geometry": {"type": "Polygon", "coordinates": [[[88.78917000669054, 21.878610000551134], [88.82888900642257, 21.863333000217835], [88.79499800655282, 21.7913890001023], [88.76583200694165, 21.830554000366874], [88.78917000669054, 21.878610000551134]]]}}, {"type": "Feature", "properties": {"ST_NM": "West Bengal", "ST_ID": "IN-WB", "ID": "WB"}, "geometry": {"type": "Polygon", "coordinates": [[[88.97905600752875, 21.893490000563133], [89.03095900705262, 21.862781000842574], [88.97342000662809, 21.776010000461213], [88.94335100764295, 21.784942000472995], [88.97634200647849, 21.804285000352536], [88.95124000632131, 21.84174200099261], [88.97905600752875, 21.893490000563133]]]}}, {"type": "Feature", "properties": {"ST_NM": "West Bengal", "ST_ID": "IN-WB", "ID": "WB"}, "geometry": {"type": "Polygon", "coordinates": [[[88.62166500553565, 21.89777900139984], [88.6528480055311, 21.868659001211995], [88.63861100639286, 21.784721001073365], [88.59471900667688, 21.85611000077597], [88.62166500553565, 21.89777900139984]]]}}, {"type": "Feature", "properties": {"ST_NM": "West Bengal", "ST_ID": "IN-WB", "ID": "WB"}, "geometry": {"type": "Polygon", "coordinates": [[[88.81694800614565, 21.90111200041855], [88.84083600607687, 21.886944000865014], [88.83082600671491, 21.865550000831945], [88.80777700770278, 21.868055000338018], [88.81694800614565, 21.90111200041855]]]}}, {"type": "Feature", "properties": {"ST_NM": "West Bengal", "ST_ID": "IN-WB", "ID": "WB"}, "geometry": {"type": "Polygon", "coordinates": [[[88.56233900544083, 21.89746000107823], [88.57277800570046, 21.859444000740098], [88.544997006107, 21.82639000079797], [88.53055700570133, 21.84916800080265], [88.56233900544083, 21.89746000107823]]]}}, {"type": "Feature", "properties": {"ST_NM": "West Bengal", "ST_ID": "IN-WB", "ID": "WB"}, "geometry": {"type": "Polygon", "coordinates": [[[88.44647900540184, 21.90492000065757], [88.48382500631902, 21.88525100103294], [88.4884720056786, 21.837829001307398], [88.40320500540673, 21.797564000678165], [88.40027700617895, 21.87306000091837], [88.44647900540184, 21.90492000065757]]]}}, {"type": "Feature", "properties": {"ST_NM": "West Bengal", "ST_ID": "IN-WB", "ID": "WB"}, "geometry": {"type": "Polygon", "coordinates": [[[88.71805700622593, 21.907222000694844], [88.77500100709085, 21.86499900060346], [88.7563850074622, 21.78139100039442], [88.696106006587, 21.842221000598727], [88.71805700622593, 21.907222000694844]]]}}, {"type": "Feature", "properties": {"ST_NM": "West Bengal", "ST_ID": "IN-WB", "ID": "WB"}, "geometry": {"type": "Polygon", "coordinates": [[[88.48860900570111, 21.91028100056775], [88.49028000541796, 21.88944500018664], [88.47693600609188, 21.8983310007751], [88.48860900570111, 21.91028100056775]]]}}, {"type": "Feature", "properties": {"ST_NM": "West Bengal", "ST_ID": "IN-WB", "ID": "WB"}, "geometry": {"type": "Polygon", "coordinates": [[[88.62338400656671, 21.901410000671035], [88.66694700549994, 21.913335001109488], [88.6527780059003, 21.873333000917285], [88.62338400656671, 21.901410000671035]]]}}, {"type": "Feature", "properties": {"ST_NM": "West Bengal", "ST_ID": "IN-WB", "ID": "WB"}, "geometry": {"type": "Polygon", "coordinates": [[[88.11675200659988, 21.913581000762633], [88.1446240058932, 21.915260000848434], [88.12944700567482, 21.89888900132638], [88.11675200659988, 21.913581000762633]]]}}, {"type": "Feature", "properties": {"ST_NM": "West Bengal", "ST_ID": "IN-WB", "ID": "WB"}, "geometry": {"type": "Polygon", "coordinates": [[[88.83655600655453, 21.91789300086134], [88.91456600761524, 21.92811900119102], [88.97667000721509, 21.86750099997124], [88.88999900694864, 21.812221000298962], [88.83655600655453, 21.91789300086134]]]}}, {"type": "Feature", "properties": {"ST_NM": "West Bengal", "ST_ID": "IN-WB", "ID": "WB"}, "geometry": {"type": "Polygon", "coordinates": [[[88.72361100694246, 21.931944000415342], [88.7994470075734, 21.919721000623724], [88.80750400680455, 21.883610000900887], [88.7580580072713, 21.880278000129636], [88.72361100694246, 21.931944000415342]]]}}, {"type": "Feature", "properties": {"ST_NM": "West Bengal", "ST_ID": "IN-WB", "ID": "WB"}, "geometry": {"type": "Polygon", "coordinates": [[[88.74539300598252, 21.97973900115403], [88.80494000637623, 21.937810001130686], [88.79939200683572, 21.92592900092268], [88.7327800061924, 21.925277000533185], [88.74539300598252, 21.97973900115403]]]}}, {"type": "Feature", "properties": {"ST_NM": "West Bengal", "ST_ID": "IN-WB", "ID": "WB"}, "geometry": {"type": "Polygon", "coordinates": [[[88.65997300584962, 22.019212000333596], [88.7157820056351, 22.00064100098149], [88.67815400610255, 21.942868000557837], [88.62834100673211, 21.967501000670723], [88.65997300584962, 22.019212000333596]]]}}, {"type": "Feature", "properties": {"ST_NM": "West Bengal", "ST_ID": "IN-WB", "ID": "WB"}, "geometry": {"type": "Polygon", "coordinates": [[[88.14138700590564, 22.02639100134371], [88.08750200581295, 21.932780001196136], [88.04583000595005, 21.91555700105482], [88.07749900587447, 22.000001001145336], [88.14138700590564, 22.02639100134371]]]}}, {"type": "Feature", "properties": {"ST_NM": "West Bengal", "ST_ID": "IN-WB", "ID": "WB"}, "geometry": {"type": "Polygon", "coordinates": [[[88.76149700668157, 22.014521000743628], [88.89972000737248, 22.013060000818427], [88.90727300674394, 21.929537000931873], [88.75166300644264, 21.958890001072746], [88.76149700668157, 22.014521000743628]]]}}, {"type": "Feature", "properties": {"ST_NM": "West Bengal", "ST_ID": "IN-WB", "ID": "WB"}, "geometry": {"type": "Polygon", "coordinates": [[[88.7616720057585, 22.021391000993958], [88.77526100649033, 22.050044000330388], [88.79104600596844, 22.029372000317608], [88.7616720057585, 22.021391000993958]]]}}, {"type": "Feature", "properties": {"ST_NM": "West Bengal", "ST_ID": "IN-WB", "ID": "WB"}, "geometry": {"type": "Polygon", "coordinates": [[[88.90278500662282, 22.04533300071745], [88.87701500713695, 22.01484000016592], [88.85389800768695, 22.04329100007965], [88.90278500662282, 22.04533300071745]]]}}, {"type": "Feature", "properties": {"ST_NM": "West Bengal", "ST_ID": "IN-WB", "ID": "WB"}, "geometry": {"type": "Polygon", "coordinates": [[[88.98610600708662, 22.04909999996505], [89.0680380073482, 22.01361200019369], [89.06328600674385, 21.934512001028054], [89.03032800673219, 21.926444001289667], [88.99945900682775, 21.949819000946206], [89.01560900695017, 21.983536000885806], [88.97432700708578, 21.994552000774263], [88.98610600708662, 22.04909999996505]]]}}, {"type": "Feature", "properties": {"ST_NM": "West Bengal", "ST_ID": "IN-WB", "ID": "WB"}, "geometry": {"type": "Polygon", "coordinates": [[[88.78045700508676, 22.037534000793528], [88.83101700742901, 22.050750000512153], [88.83186300687231, 22.02697500039602], [88.78045700508676, 22.037534000793528]]]}}, {"type": "Feature", "properties": {"ST_NM": "West Bengal", "ST_ID": "IN-WB", "ID": "WB"}, "geometry": {"type": "Polygon", "coordinates": [[[88.87056000713869, 22.078939000934213], [88.88863400695391, 22.052474000874497], [88.83544100639739, 22.02612200062987], [88.8194420060438, 22.062502001066548], [88.87056000713869, 22.078939000934213]]]}}, {"type": "Feature", "properties": {"ST_NM": "West Bengal", "ST_ID": "IN-WB", "ID": "WB"}, "geometry": {"type": "Polygon", "coordinates": [[[88.90408400627194, 22.084208001098432], [88.89090600650707, 22.060357000175486], [88.87168900614279, 22.063356000878798], [88.870727006746, 22.086993000926327], [88.90408400627194, 22.084208001098432]]]}}, {"type": "Feature", "properties": {"ST_NM": "West Bengal", "ST_ID": "IN-WB", "ID": "WB"}, "geometry": {"type": "Polygon", "coordinates": [[[88.77899800615313, 22.10300200084174], [88.83629600625574, 22.069891000968994], [88.74794100657226, 22.059302000087257], [88.77899800615313, 22.10300200084174]]]}}, {"type": "Feature", "properties": {"ST_NM": "West Bengal", "ST_ID": "IN-WB", "ID": "WB"}, "geometry": {"type": "Polygon", "coordinates": [[[88.81790100512734, 22.123029000787824], [88.84718300559132, 22.117251000533315], [88.86585200676478, 22.081455000947585], [88.80551200667384, 22.085080999988236], [88.81790100512734, 22.123029000787824]]]}}, {"type": "Feature", "properties": {"ST_NM": "West Bengal", "ST_ID": "IN-WB", "ID": "WB"}, "geometry": {"type": "Polygon", "coordinates": [[[88.86514300554535, 22.16699100103392], [88.89994100677211, 22.148092000945155], [88.91703000702927, 22.091201000725675], [88.85366100665021, 22.10147900075532], [88.83503800669871, 22.130415001451183], [88.86514300554535, 22.16699100103392]]]}}, {"type": "Feature", "properties": {"ST_NM": "West Bengal", "ST_ID": "IN-WB", "ID": "WB"}, "geometry": {"type": "Polygon", "coordinates": [[[89.00193000656463, 22.19917200028766], [89.04911000772074, 22.132920000957313], [89.03887200683772, 22.055459000932217], [88.97840900736986, 22.039881000208027], [88.99661300688484, 22.140120000237857], [88.97268600695372, 22.19343800116286], [89.00193000656463, 22.19917200028766]]]}}, {"type": "Feature", "properties": {"ST_NM": "West Bengal", "ST_ID": "IN-WB", "ID": "WB"}, "geometry": {"type": "Polygon", "coordinates": [[[88.82616500581042, 22.204733000427666], [88.85727800617508, 22.205210000840907], [88.8682110058333, 22.174829000957686], [88.84984500604224, 22.142732001081015], [88.73916600570664, 22.05699100053431], [88.70471900537785, 22.0650000011492], [88.74666700627739, 22.132781000842556], [88.84050800623953, 22.17123900087921], [88.82616500581042, 22.204733000427666]]]}}, {"type": "Feature", "properties": {"ST_NM": "West Bengal", "ST_ID": "IN-WB", "ID": "WB"}, "geometry": {"type": "Polygon", "coordinates": [[[88.93237300590954, 22.225000000649572], [88.96099200637605, 22.19405100065319], [88.93147900605135, 22.177012000903176], [88.90917100613706, 22.194101001160334], [88.93237300590954, 22.225000000649572]]]}}, {"type": "Feature", "properties": {"ST_NM": "West Bengal", "ST_ID": "IN-WB", "ID": "WB"}, "geometry": {"type": "Polygon", "coordinates": [[[88.86194500645695, 22.398888001180353], [88.8977820052354, 22.364173001083202], [88.90301500553812, 22.346699000158765], [88.86083300643816, 22.37083200059641], [88.86194500645695, 22.398888001180353]]]}}, {"type": "Feature", "properties": {"ST_NM": "West Bengal", "ST_ID": "IN-WB", "ID": "WB"}, "geometry": {"type": "Polygon", "coordinates": [[[88.78138700570582, 22.50056300178113], [88.8098370055734, 22.481193001555823], [88.81624600614833, 22.43341700079401], [88.80397100575738, 22.444453000705494], [88.78138700570582, 22.50056300178113]]]}}, {"type": "Feature", "properties": {"ST_NM": "West Bengal", "ST_ID": "IN-WB", "ID": "WB"}, "geometry": {"type": "Polygon", "coordinates": [[[88.89769800585833, 22.548860001387993], [88.92111200641403, 22.399169001548216], [88.88439300563277, 22.376081000737656], [88.84570400573534, 22.501700002053497], [88.89769800585833, 22.548860001387993]]]}}, {"type": "Feature", "properties": {"ST_NM": "West Bengal", "ST_ID": "IN-WB", "ID": "WB"}, "geometry": {"type": "Polygon", "coordinates": [[[89.58452136177146, 25.947555551347648], [89.61264737008014, 25.943390468095686], [89.58395799136827, 25.93466509002195], [89.58452136177146, 25.947555551347648]]]}}, {"type": "Feature", "properties": {"ST_NM": "West Bengal", "ST_ID": "IN-WB", "ID": "WB"}, "geometry": {"type": "Polygon", "coordinates": [[[88.79893897605297, 26.20666666343584], [88.79396736909888, 26.144494908013655], [88.77110854252527, 26.131306428448966], [88.76526656809767, 26.228733520035973], [88.79893897605297, 26.20666666343584]]]}}, {"type": "Feature", "properties": {"ST_NM": "West Bengal", "ST_ID": "IN-WB", "ID": "WB"}, "geometry": {"type": "Polygon", "coordinates": [[[88.68978443990005, 26.24701525964656], [88.71936961441622, 26.21162286410396], [88.72958891569596, 26.185193323413216], [88.68815040411789, 26.213074348302598], [88.68978443990005, 26.24701525964656]]]}}, {"type": "Feature", "properties": {"ST_NM": "West Bengal", "ST_ID": "IN-WB", "ID": "WB"}, "geometry": {"type": "Polygon", "coordinates": [[[88.65199675764433, 26.275251790138043], [88.64791635725413, 26.252737183574197], [88.6385836418217, 26.26330879246683], [88.65199675764433, 26.275251790138043]]]}}, {"type": "Feature", "properties": {"ST_NM": "West Bengal", "ST_ID": "IN-WB", "ID": "WB"}, "geometry": {"type": "Polygon", "coordinates": [[[89.82701387299193, 26.325070837449232], [89.793669115937, 26.340475960597132], [89.80486195401602, 26.34943193563538], [89.82701387299193, 26.325070837449232]]]}}, {"type": "Feature", "properties": {"ST_NM": "Odisha", "ST_ID": "IN-OR", "ID": "OR"}, "geometry": {"type": "Polygon", "coordinates": [[[86.41036751325021, 19.986855187616868], [86.38434756608734, 19.97864820575012], [86.40820362929412, 19.994874634756627], [86.41036751325021, 19.986855187616868]]]}}, {"type": "Feature", "properties": {"ST_NM": "Odisha", "ST_ID": "IN-OR", "ID": "OR"}, "geometry": {"type": "Polygon", "coordinates": [[[86.81110248699025, 20.373820826769816], [86.80080081860297, 20.390353966862108], [86.80960348980926, 20.39607912924845], [86.81110248699025, 20.373820826769816]]]}}, {"type": "Feature", "properties": {"ST_NM": "Odisha", "ST_ID": "IN-OR", "ID": "OR"}, "geometry": {"type": "Polygon", "coordinates": [[[86.79509847111763, 20.396258870450538], [86.79525216705395, 20.47478996568441], [86.80626474142474, 20.48311296099439], [86.81194164079415, 20.453912047003428], [86.79509847111763, 20.396258870450538]]]}}, {"type": "Feature", "properties": {"ST_NM": "Odisha", "ST_ID": "IN-OR", "ID": "OR"}, "geometry": {"type": "Polygon", "coordinates": [[[86.89515262988999, 20.776490521020776], [86.9457880035136, 20.783276017374362], [86.94804300048412, 20.775488560248903], [86.89515262988999, 20.776490521020776]]]}}, {"type": "Feature", "properties": {"ST_NM": "Chandigarh", "ST_ID": "IN-CH", "ID": "CH"}, "geometry": {"type": "Polygon", "coordinates": [[[76.84147287327454, 30.759959340351315], [76.84952065265605, 30.710382384239665], [76.80746397048591, 30.66545555083303], [76.70384626609234, 30.742986202451334], [76.7726598610638, 30.795316057090417], [76.84147287327454, 30.759959340351315]]]}}, {"type": "Feature", "properties": {"ST_NM": "Haryana", "ST_ID": "IN-HR", "ID": "HR"}, "geometry": {"type": "Polygon", "coordinates": [[[76.83295176451236, 30.681946335554983], [76.86015800918483, 30.78869039274747], [76.77602430577713, 30.889772535074485], [76.82376777176529, 30.92670582631291], [76.83616806840172, 30.88437610277498], [76.86593949880887, 30.86690868129068], [76.91574773177246, 30.893415767823456], [76.96721702334702, 30.807256583424646], [77.0114615060437, 30.81028825200127], [77.02647317399783, 30.738135350166317], [77.09026222791954, 30.740606163743507], [77.16689423647989, 30.684437152752423], [77.17070984138616, 30.595198429763798], [77.12462236812786, 30.56296563405681], [77.19845613794047, 30.521444414528162], [77.2120816691338, 30.480063628633616], [77.35917252749022, 30.45725277189797], [77.40853372185381, 30.41622624874242], [77.4588800605664, 30.460948686033078], [77.44801877914341, 30.39891565733177], [77.52303900204834, 30.444023474803544], [77.60510544196262, 30.36593752599606], [77.48598645800871, 30.183660313972382], [77.43619378331653, 30.16357802640482], [77.42110337162336, 30.097621208851763], [77.28274776949405, 30.043509494167893], [77.19157772992833, 29.897438892390994], [77.16420655318996, 29.788414286690056], [77.13006713539005, 29.77071269343611], [77.15425578857383, 29.696729439212277], [77.09708158194951, 29.59589522198695], [77.12111076554947, 29.54804182736848], [77.09623613828722, 29.528647738802135], [77.15062265341277, 29.43707469773915], [77.13109638878734, 29.34474020339769], [77.16524044259239, 29.31181629398685], [77.1350521215582, 29.096319482658032], [77.22478510924543, 29.00067977115458], [77.20126092824927, 28.941582944397396], [77.23193440115176, 28.902813601766354], [77.14946011329363, 28.836399907929433], [77.0861236216079, 28.879321705532334], [77.04170609226242, 28.831609862405287], [76.9523713504575, 28.815574517749837], [76.9436724924916, 28.632492501527793], [76.88765759831955, 28.632525240447535], [76.8425143574517, 28.57742259787466], [76.8888906488844, 28.503906424541924], [77.01519124907696, 28.50918779128358], [77.0157817646168, 28.537520967418743], [77.08218639778408, 28.51496972966936], [77.17537869696935, 28.40305213534782], [77.2503415647115, 28.42340186420472], [77.25244400608608, 28.479150646285348], [77.3476517858013, 28.503455393851368], [77.48443435226358, 28.407891586027915], [77.50404127978129, 28.352625558222996], [77.47567479095892, 28.328319987777263], [77.50552591658783, 28.30138832321262], [77.47694908892936, 28.264080111807743], [77.54847806990705, 28.24872622303684], [77.52873293277867, 28.196106055550047], [77.49871852893699, 28.206331428152964], [77.50167931115135, 28.17943452328467], [77.55197655497409, 28.175966459584515], [77.50844306459584, 28.15733796117803], [77.47827888226465, 28.080338296275386], [77.5453867942652, 27.94359479276551], [77.47791899876285, 27.927237046552534], [77.46758348439033, 27.87962887996889], [77.42011810766462, 27.889379456396853], [77.4214222478385, 27.853421361206927], [77.34829199338083, 27.853982860120936], [77.24332039292187, 27.780263239456986], [77.20263060292007, 27.816424719924953], [77.14402407575056, 27.778471891564607], [77.04690736268469, 27.814627713498226], [77.03162310662111, 27.78178364320064], [77.08652296106584, 27.731889260580942], [77.00286830312973, 27.73665719537331], [76.97883617874669, 27.651763215000415], [76.91775026836024, 27.651466894681505], [76.89243470619681, 27.725603379892107], [76.93519099346963, 27.82889310783071], [76.92742256509933, 27.99231229287807], [76.9708006013667, 28.13870518919316], [76.87269762789327, 28.219429982707595], [76.81480512465686, 28.210725427536488], [76.80038897517113, 28.152080819474293], [76.65989417547587, 28.091714936894846], [76.66864086478415, 28.01397631075821], [76.55497502437794, 27.966397072666837], [76.546990301861, 28.034161054489118], [76.46414207139952, 28.041617481961282], [76.50611856282148, 28.059834280627626], [76.45703672036842, 28.08833001911512], [76.50632668033211, 28.101726591908744], [76.48090743802788, 28.144749718824528], [76.38523047031003, 28.133309840576715], [76.34438653291221, 28.172639529190974], [76.28747858766673, 28.174079922950114], [76.36402318392288, 28.123712361136597], [76.30571574338688, 28.09637076130167], [76.35881857881441, 28.07103473686368], [76.34503553406273, 28.024924222974562], [76.29831260794055, 28.02521001493028], [76.25932364636924, 28.06628881117973], [76.18546801493699, 28.054710008360246], [76.21156464908933, 28.025762596166942], [76.16186337069803, 27.98798713120118], [76.18745073856081, 27.968259727804252], [76.17761646312931, 27.905159095016245], [76.23110054455452, 27.836267570192263], [76.18064879000968, 27.802841742852195], [76.0957939742126, 27.863945560539264], [75.98302249699071, 27.860254933518434], [75.98506371521836, 27.90490157504769], [75.93124361200313, 27.92880484636663], [75.97084710371092, 27.932622150991506], [75.99469757043659, 27.98028281190227], [75.96418460313697, 27.99670859002947], [75.99692010817648, 27.999980883011403], [75.98221123116343, 28.0326141405302], [76.01797281099647, 28.032348764983567], [76.0392114981122, 28.079521073338924], [75.99243048837639, 28.046414697780108], [75.98499897482287, 28.079877235446133], [75.94399260817238, 28.08927731999239], [76.03587902429757, 28.168381243799388], [76.10108143026383, 28.150797786388807], [76.01941986603407, 28.237460357309715], [76.02701191666665, 28.276684881901815], [75.93072255380287, 28.36479645848982], [75.77856635485347, 28.40372534085185], [75.7865618395573, 28.453717480677255], [75.63740815945903, 28.542360530514145], [75.62842793959777, 28.595644424650516], [75.56407536688471, 28.611122447742844], [75.50712010201113, 28.784373209356204], [75.52204896938451, 28.83331152180932], [75.47587522865894, 28.92310145996447], [75.52546164653779, 28.972186914094834], [75.52008721345419, 29.00765526547815], [75.44368179987521, 29.013503088197012], [75.43926812152665, 29.06171885743936], [75.38961414387768, 29.067406038757724], [75.40529557832832, 29.125542191718807], [75.37022365979414, 29.139796996534187], [75.40984385371092, 29.186034413757227], [75.40504428706424, 29.2591244181574], [75.3241311908019, 29.233286874189957], [75.32858620289102, 29.290798003724944], [75.23255340581511, 29.232436988776044], [75.18909202397776, 29.266218903579613], [75.08700520132902, 29.23021352383512], [75.04891004895967, 29.28503571012999], [74.96198377433177, 29.27999987539397], [74.9361565716685, 29.362820621674416], [74.85850972494393, 29.40116289784953], [74.78474688106377, 29.35864499746873], [74.6588813998568, 29.371161147469024], [74.65042338663005, 29.32997254669573], [74.60434473482172, 29.327185264388504], [74.53781949897075, 29.448677946829832], [74.58769859761225, 29.45764612386955], [74.62063211807782, 29.519010290792323], [74.5793089931156, 29.585085997820613], [74.6147946123815, 29.75211419461442], [74.48123689156932, 29.743580444082284], [74.47458421159217, 29.787161936674067], [74.56313297021046, 29.865109810769184], [74.51464061447285, 29.907392734487132], [74.52874607427196, 29.94298794423827], [74.64935845622784, 29.903258034830515], [74.70542502454532, 29.970768349379853], [74.81125481475794, 29.99158577156618], [74.92585402464357, 29.947877136420743], [74.99993896071453, 29.854919151097988], [75.07563052572823, 29.87737292212273], [75.0950272268251, 29.913452287293296], [75.10021217005567, 29.804866803460243], [75.15173562060244, 29.775092855850687], [75.16554047751106, 29.81790856043176], [75.21108790338411, 29.8280117646313], [75.24105020230508, 29.749960451413756], [75.16767007391485, 29.660662245466312], [75.2477733099903, 29.549252562156084], [75.30041932579132, 29.559373634086], [75.2901857225931, 29.60092481452864], [75.32773448286014, 29.668347196965613], [75.35606937759974, 29.669014423776673], [75.45466074589677, 29.805372279107473], [75.57918403661404, 29.73986031030512], [75.6358624227127, 29.77039479208605], [75.70798574944286, 29.752239019615104], [75.71656405778509, 29.80568971281002], [75.78236304431908, 29.822347877552545], [75.83978622735259, 29.809176149659606], [75.88996057791837, 29.74379124067326], [76.05232073301545, 29.745247230475343], [76.08864097350221, 29.80223525944973], [76.12738361795965, 29.792798373745995], [76.2532535229318, 29.86529106463098], [76.1775391025476, 29.92507797267035], [76.215202544362, 29.940487384685127], [76.20303098039551, 30.01466271970878], [76.26543794990152, 30.10243672407563], [76.21429809797888, 30.149342359162574], [76.34011773894258, 30.105833896017543], [76.36069288646758, 30.12396308632742], [76.3376684488399, 30.14558859703618], [76.40182678148085, 30.12377899780256], [76.3929125619652, 30.179542821943755], [76.42216879235593, 30.198562871679258], [76.46388593548761, 30.096846375459904], [76.54549011487694, 30.078794999889396], [76.65136629032207, 30.18116133812532], [76.60251977796543, 30.250181910266974], [76.55980301499721, 30.230551051789632], [76.55799720510697, 30.254755244359103], [76.7363886714001, 30.340331585334468], [76.712670183782, 30.389627526689083], [76.73777314171718, 30.4164335595612], [76.8451521706362, 30.42977293906995], [76.89982875039658, 30.35416052338951], [76.93998643762404, 30.384387313823538], [76.90267714973072, 30.43252045155765], [76.92648891772944, 30.595625857747166], [76.83295176451236, 30.681946335554983]]]}}, {"type": "Feature", "properties": {"ST_NM": "Himachal Pradesh", "ST_ID": "IN-HP", "ID": "HP"}, "geometry": {"type": "Polygon", "coordinates": [[[75.87120977081435, 32.499340144831876], [75.939885, 32.643535], [75.915195, 32.680567], [75.92895424833995, 32.75713958942055], [75.8247319902437, 32.853845318293885], [75.824712, 32.930309], [75.8839273338794, 32.93060671352907], [75.950554, 32.88449], [76.03407540515587, 32.91770125960551], [76.11108720900265, 33.00334704231886], [76.254553, 33.032396], [76.29244017096721, 33.10383312272341], [76.40223087714239, 33.18264291181055], [76.565312, 33.209029], [76.644785, 33.161783], [76.747751, 33.178576], [76.79484051482719, 33.25306523438854], [76.84694581539713, 33.241628010724185], [76.82134618797625, 33.1546815445177], [76.8950570978069, 33.11304505978171], [76.93521990757273, 33.03231279290111], [77.01613977033418, 32.98801193350397], [77.15413219114777, 32.97868239357763], [77.17505588352225, 32.911340019326474], [77.19151976142791, 32.92923818909122], [77.33915510802188, 32.820150230648665], [77.37404789329571, 32.822983882000585], [77.41315049859668, 32.88508379867841], [77.472913960411, 32.85938141022393], [77.68328424217407, 32.98359280796177], [77.73056538378552, 32.969290885865746], [77.80814363921763, 32.902737070459466], [77.77930439298342, 32.862116761179664], [77.93290595264767, 32.763076450417884], [77.9208591795076, 32.69002455209147], [78.00450003015231, 32.58491912801537], [78.05328338581967, 32.58863860438811], [78.11104328941633, 32.65886276800239], [78.1337989457648, 32.639086501740735], [78.17026354542634, 32.67570553748061], [78.2193677126499, 32.66181971101088], [78.31360850712696, 32.70941519265705], [78.30558069988945, 32.73447021133126], [78.3908010289444, 32.756745524486405], [78.40656718672636, 32.619659245278], [78.31422977138692, 32.57395073823602], [78.29598167361542, 32.504317787136245], [78.32782320127978, 32.47224773544468], [78.3999842572677, 32.52597309867963], [78.44924809282526, 32.50654548248809], [78.45555161281675, 32.4525904081209], [78.53617248517213, 32.414613961764985], [78.48524755682934, 32.354065369321404], [78.45624695063634, 32.24244861351275], [78.56014722381536, 32.24464867539609], [78.60995764842681, 32.2145191151651], [78.59124436733373, 32.15442741699178], [78.61321105564576, 32.11916143375322], [78.78775470781358, 31.995347567836063], [78.70762306755057, 31.788749096693493], [78.75049969220709, 31.687266015014643], [78.79577602464389, 31.685105632119303], [78.84709577784793, 31.61041825729677], [78.72254429967973, 31.51625131604544], [78.7317684030894, 31.482294210609382], [78.81118318835354, 31.44782127563144], [78.79163311687489, 31.397408489610143], [78.84978846946234, 31.367450328469943], [78.84450203234297, 31.32515702207894], [78.98715847308512, 31.17715678186005], [79.0118709390926, 31.112332209863666], [78.8951468389555, 31.09861088738262], [78.81026786556959, 31.19991513167804], [78.66583565049496, 31.192789113326967], [78.61580776171888, 31.230839446183552], [78.48517601126395, 31.198789139107532], [78.3714747942264, 31.286036323317717], [78.16279022059229, 31.22684086251587], [78.03129037884798, 31.153797509547474], [77.96951152553652, 31.174136786483587], [77.81947859176364, 31.049465014998475], [77.8390761384531, 31.00051616968551], [77.81071109753918, 30.96514276062993], [77.7505760547412, 30.958952300708177], [77.7597711774979, 30.917626460692645], [77.81503505412451, 30.908013379813667], [77.80347391938591, 30.85379204496695], [77.7586313938238, 30.876492637625176], [77.70216567040944, 30.76394145293574], [77.74716698027197, 30.681006972993487], [77.79277479741904, 30.658881870901666], [77.79230152559501, 30.612967191582698], [77.74310080355929, 30.593488591025732], [77.81944117636925, 30.55576629937525], [77.81266433599035, 30.5063881734755], [77.59427671869565, 30.425417418978782], [77.58800671283956, 30.37962483431869], [77.52303900204834, 30.444023474803544], [77.44801877914341, 30.39891565733177], [77.4588800605664, 30.460948686033078], [77.40853372185381, 30.41622624874242], [77.35917252749022, 30.45725277189797], [77.2120816691338, 30.480063628633616], [77.19845613794047, 30.521444414528162], [77.12462236812786, 30.56296563405681], [77.17070984138616, 30.595198429763798], [77.16689423647989, 30.684437152752423], [77.09026222791954, 30.740606163743507], [77.02647317399783, 30.738135350166317], [77.0114615060437, 30.81028825200127], [76.96721702334702, 30.807256583424646], [76.91574773177246, 30.893415767823456], [76.86593949880887, 30.86690868129068], [76.82376777176529, 30.92670582631291], [76.78337062655322, 30.90275598360182], [76.62364350294536, 31.000907290239297], [76.63952192759496, 31.106985000157692], [76.60311267041345, 31.124516719570977], [76.60428507969272, 31.179727773617913], [76.64939938757175, 31.20982138614812], [76.58992673952747, 31.222715756826744], [76.6156410143214, 31.247833442059743], [76.58456708770098, 31.2771436839339], [76.54893026452015, 31.252375678494843], [76.48075123388242, 31.307384378786082], [76.45976222104974, 31.286900499858234], [76.37736510941232, 31.43883515891548], [76.32995460841852, 31.399900904003573], [76.34409400683302, 31.342715968467246], [76.30433126407661, 31.31309250171762], [76.1866631851579, 31.304390097724877], [76.14893020236701, 31.359538353911944], [76.15751729168971, 31.430131699118647], [75.93644909215192, 31.81588515467621], [75.97044488372444, 31.831029623718223], [75.90942331983041, 31.94872876072378], [75.70722295707384, 32.05892809325695], [75.59364381311156, 32.081439570180066], [75.6769481653256, 32.16436385360902], [75.63534650413789, 32.18497924399696], [75.63777898051558, 32.23455380341534], [75.75179530201166, 32.27344336651822], [75.95045920312975, 32.424260730348465], [75.87120977081435, 32.499340144831876]]]}}, {"type": "Feature", "properties": {"ST_NM": "Jammu & Kashmir", "ST_ID": "IN-JK", "ID": "JK"}, "geometry": {"type": "MultiPolygon", "coordinates": []}}, {"type": "Feature", "properties": {"ST_NM": "Jammu & Kashmir", "ST_ID": "IN-JK", "ID": "JK"}, "geometry": {"type": "Polygon", "coordinates": [[[76.65867980068938, 33.16404914016255], [76.65854414199862, 33.1639557959233], [76.64482464773357, 33.16178946625478], [76.65867980068938, 33.16404914016255]]]}}, {"type": "Feature", "properties": {"ST_NM": "Jammu & Kashmir", "ST_ID": "IN-JK", "ID": "JK"}, "geometry": {"type": "MultiPolygon", "coordinates": []}}, {"type": "Feature", "properties": {"ST_NM": "Jammu & Kashmir", "ST_ID": "IN-JK", "ID": "JK"}, "geometry": {"type": "MultiPolygon", "coordinates": []}}, {"type": "Feature", "properties": {"ST_NM": "Jammu & Kashmir", "ST_ID": "IN-JK", "ID": "JK"}, "geometry": {"type": "Polygon", "coordinates": [[[76.46114547366486, 33.180457678872386], [76.45951613955827, 33.18012278693715], [76.44691731901574, 33.18098544539608], [76.46114547366486, 33.180457678872386]]]}}, {"type": "Feature", "properties": {"ST_NM": "Jammu & Kashmir", "ST_ID": "IN-JK", "ID": "JK"}, "geometry": {"type": "Polygon", "coordinates": [[[76.40223121480287, 33.18264299203229], [76.40223087714239, 33.18264291181055], [76.402231, 33.182643], [76.40223121480287, 33.18264299203229]]]}}, {"type": "Feature", "properties": {"ST_NM": "Jammu & Kashmir", "ST_ID": "IN-JK", "ID": "JK"}, "geometry": {"type": "MultiPolygon", "coordinates": []}}, {"type": "Feature", "properties": {"ST_NM": "Jammu & Kashmir", "ST_ID": "IN-JK", "ID": "JK"}, "geometry": {"type": "Polygon", "coordinates": [[[76.29244, 33.103833], [76.2545534317955, 33.03239635340901], [76.25455316025618, 33.032396302167506], [76.29244, 33.103833]]]}}, {"type": "Feature", "properties": {"ST_NM": "Jammu & Kashmir", "ST_ID": "IN-JK", "ID": "JK"}, "geometry": {"type": "Polygon", "coordinates": [[[76.14602242596372, 33.010420726101096], [76.14535543680404, 33.01006654493517], [76.14116058862953, 33.009436301131274], [76.14602242596372, 33.010420726101096]]]}}, {"type": "Feature", "properties": {"ST_NM": "Jammu & Kashmir", "ST_ID": "IN-JK", "ID": "JK"}, "geometry": {"type": "Polygon", "coordinates": [[[76.111087, 33.003347], [76.11166343981597, 33.000356317490116], [76.09923536544495, 32.96881480592153], [76.111087, 33.003347]]]}}, {"type": "Feature", "properties": {"ST_NM": "Jammu & Kashmir", "ST_ID": "IN-JK", "ID": "JK"}, "geometry": {"type": "MultiPolygon", "coordinates": []}}, {"type": "Feature", "properties": {"ST_NM": "Jammu & Kashmir", "ST_ID": "IN-JK", "ID": "JK"}, "geometry": {"type": "Polygon", "coordinates": [[[75.883927, 32.930607], [75.8839273338794, 32.93060671352907], [75.88392526775421, 32.93060699128246], [75.883927, 32.930607]]]}}, {"type": "Feature", "properties": {"ST_NM": "Jammu & Kashmir", "ST_ID": "IN-JK", "ID": "JK"}, "geometry": {"type": "Polygon", "coordinates": [[[75.8247319902437, 32.853845318293885], [75.82479018761622, 32.85377261487199], [75.824732, 32.853808], [75.8247319902437, 32.853845318293885]]]}}, {"type": "Feature", "properties": {"ST_NM": "Jammu & Kashmir", "ST_ID": "IN-JK", "ID": "JK"}, "geometry": {"type": "MultiPolygon", "coordinates": []}}, {"type": "Feature", "properties": {"ST_NM": "Jammu & Kashmir", "ST_ID": "IN-JK", "ID": "JK"}, "geometry": {"type": "Polygon", "coordinates": [[[75.72720214735592, 32.41810724830211], [75.76174164478469, 32.47630803134427], [75.74544994825658, 32.44501196782812], [75.72720214735592, 32.41810724830211]]]}}, {"type": "Feature", "properties": {"ST_NM": "Arunachal Pradesh", "ST_ID": "IN-AR", "ID": "AR"}, "geometry": {"type": "Polygon", "coordinates": [[[95.23729640200742, 26.679843368876448], [95.21592765583671, 26.728993861977187], [95.24238140267965, 26.778190669264006], [95.18454592905147, 26.858774297995524], [95.22996785902956, 26.879545871844584], [95.2340468888529, 26.91451986320118], [95.1958702327251, 27.03715978649501], [95.24850128020995, 27.024323002104893], [95.34892493174027, 27.098732007975855], [95.4580527949006, 27.12941897070897], [95.45929704472292, 27.20347912326298], [95.51134709868973, 27.2601666878424], [95.5903721852282, 27.22316300576813], [95.86061072590434, 27.287334096191614], [95.89813688710774, 27.25727835051549], [96.01331107674486, 27.35692887286922], [95.97359708623662, 27.42989791485695], [95.91155261546089, 27.433262231866536], [95.90042456993802, 27.40460399307989], [95.88301027050761, 27.437460802274245], [95.84976752625039, 27.423741610287152], [95.88198631321785, 27.546840765189188], [95.78800255487408, 27.617374718268707], [95.7941610627829, 27.68638291034307], [95.7593644842836, 27.725375163433114], [95.97886721594932, 27.962801791769323], [95.60851209815485, 27.952834663988597], [95.51765823773752, 27.876879096693017], [95.38609538409474, 27.837289045353202], [95.3184362623237, 27.866583015793594], [94.86796563090923, 27.74163898894824], [94.82329222015989, 27.692262680578324], [94.46184832893726, 27.55414269093251], [94.42317015597797, 27.59790491577928], [94.3579516206708, 27.574015566864944], [94.23758501083961, 27.629420935627707], [94.21597367704362, 27.6013139335912], [94.26198348754798, 27.520199460236938], [94.15947419937487, 27.474858691375573], [93.95864744762167, 27.29165071340975], [93.81061164281311, 27.148678428067058], [93.83862161069885, 27.07501375508076], [93.77558399700393, 27.059240298401107], [93.67762825783791, 26.96801061669663], [93.02183463226254, 26.914631842285758], [92.87520516028997, 27.005754369768397], [92.66196633887552, 27.03683354842957], [92.64844067379812, 26.985741532345912], [92.58822294013663, 26.960193356038587], [92.46270251351024, 26.961783068733666], [92.19814357736425, 26.889677766215982], [92.1112736947253, 26.892588914846613], [92.10687068863143, 27.006576051543618], [92.03155379377262, 27.077505303427074], [92.02914781501971, 27.170743758517688], [92.07360761160203, 27.22262405465642], [92.04399850432759, 27.260825172343857], [92.12303879480459, 27.274869353238103], [92.06295732372155, 27.326253653483377], [92.02323281204468, 27.478924606385533], [91.77848892992023, 27.463849483167166], [91.69493373970039, 27.5021494138644], [91.65807308670367, 27.482390482934477], [91.57186326327906, 27.57454188699853], [91.56292919392723, 27.633014588752303], [91.62901211351829, 27.70552799731928], [91.63358761227852, 27.80044287144142], [91.55140455008001, 27.84653227824208], [91.67482629359864, 27.85634101022947], [91.71495092984162, 27.812883517060698], [91.83321063945948, 27.807075821192257], [91.86561250591245, 27.736389039122912], [91.92376103624287, 27.7145022151052], [91.98889765320416, 27.76939841380579], [92.06034428146347, 27.758481564172882], [92.20527915640798, 27.85640608607207], [92.27229507225985, 27.853238001132922], [92.32069526907145, 27.777430514406774], [92.4185818476742, 27.822202621254007], [92.45956696874066, 27.80236842965934], [92.50598943496453, 27.840614097962316], [92.56525559147241, 27.820088868206767], [92.74419780798252, 27.98848870648868], [92.6678663258703, 28.061980320235648], [92.68519402778219, 28.117266190682187], [92.80473707805379, 28.2014969660122], [92.83296182382918, 28.170703323], [92.9695875152517, 28.26101409452491], [93.00533371577842, 28.229925413626972], [93.03878260623236, 28.26228396783091], [93.02699572996903, 28.299142222335718], [93.21190429085038, 28.322351133398115], [93.2366343188188, 28.399875329682743], [93.18789542113683, 28.439248103017576], [93.28120834998543, 28.504102734853404], [93.3424528054527, 28.639573971061964], [93.45119310847525, 28.675417528596142], [93.47964650418288, 28.652975897519696], [93.50101540413766, 28.6833694681265], [93.53923390032429, 28.65813516330718], [93.73685374430494, 28.688435511090006], [93.78038659346657, 28.66760723678459], [93.84924580834746, 28.70647040658406], [93.93962838354315, 28.676042465687317], [94.00667133121704, 28.774584540344335], [94.00032662947041, 28.840534300017964], [94.16067052072799, 28.953984661962636], [94.22048501816909, 29.08350024494041], [94.2936266409568, 29.14761894266013], [94.36954592870171, 29.156638648155138], [94.4371473679567, 29.226322804853623], [94.56377116560685, 29.228282967185237], [94.63428502603318, 29.348153157542242], [94.77226184270995, 29.251995664968035], [94.80345798899504, 29.163580028495574], [94.87726048848083, 29.183226627806675], [95.02796848305911, 29.129246601749344], [95.01021070645902, 29.169238562809483], [95.12681533166227, 29.114715213136606], [95.25565448866377, 29.108161885762456], [95.27132122639352, 29.055781472137255], [95.4588641830357, 29.034810986238085], [95.50108726136807, 29.138326907161115], [95.55148763854373, 29.12656137720586], [95.54207973259366, 29.20637074091701], [95.59068447840599, 29.216074225245336], [95.6037162771845, 29.260049119071653], [95.63615979663734, 29.247155488535043], [95.78272600849857, 29.35458379940286], [95.80761279009823, 29.337465932706664], [95.88594517293143, 29.38962345655733], [95.96210402298232, 29.380670089553064], [96.08572168830534, 29.461386555345314], [96.18000032265684, 29.362130014288766], [96.23853306494902, 29.240608269356187], [96.29727533848614, 29.232815882147293], [96.36751236780157, 29.282681259832316], [96.39705561142739, 29.25341072212717], [96.35040820587409, 29.16776990155978], [96.26431008544216, 29.157009879302564], [96.18961636410398, 29.091424158897894], [96.11852517669558, 29.074465494686876], [96.18855735303947, 28.984620263514387], [96.14887437924926, 28.933923521953034], [96.17004897348141, 28.902245072851883], [96.35038562929344, 29.028598530697707], [96.52883267189037, 29.075418368662838], [96.48084264417275, 28.990017840650864], [96.52454241560008, 28.961016959265294], [96.54055070954769, 28.87965491963888], [96.61875601637712, 28.773647872151628], [96.58858241094958, 28.71655676468299], [96.47319494349193, 28.67964853305341], [96.49657291001182, 28.63311247705923], [96.32671375173834, 28.52532086256781], [96.36918155628388, 28.474285647664544], [96.26956602295365, 28.404993152911743], [96.37296157231879, 28.388826098046025], [96.40128509513107, 28.33882334891848], [96.46025863382897, 28.41360891441991], [96.66649009344314, 28.459830472997965], [96.75919212811431, 28.40913993406076], [96.77595762154704, 28.36762028205044], [96.90014667023269, 28.379186068981937], [96.99772467615293, 28.309066992947407], [97.09383089927667, 28.362445578500683], [97.17040322343007, 28.294609971972704], [97.2829306624202, 28.2682462418706], [97.40112500841246, 28.191933569079026], [97.3313340392346, 28.15446881718219], [97.30810596272005, 28.06840792688439], [97.41529266802229, 28.014918627592635], [97.37814465375283, 27.976980666824375], [97.38888333419857, 27.886911301215605], [97.32108473117546, 27.88021725602158], [97.30872820094578, 27.92082058610123], [97.25648113699492, 27.900489362594044], [97.10238104085244, 27.78447880255476], [97.09625836013527, 27.74088571590312], [97.0156367332487, 27.73179232805353], [96.99065098755307, 27.662086950052753], [96.89733739140758, 27.61197044567956], [96.93720281785579, 27.520887141228627], [96.91125603593736, 27.453424434989756], [97.17023152666366, 27.125892029293766], [97.14487954825262, 27.091920747844313], [97.06121361371737, 27.100531766328004], [96.86515005822866, 27.18987028348687], [96.88414778409305, 27.25826283746005], [96.80166575666942, 27.345185991440417], [96.71199806156136, 27.371812287607042], [96.61998392731647, 27.36413699662512], [96.53021392803043, 27.289443161073052], [96.23406048730169, 27.2770394784892], [96.03618068529045, 27.18853276227719], [95.93583660937207, 27.04544854011806], [95.81496330531235, 27.01492606338718], [95.7303107110705, 26.88016501460379], [95.67296208183467, 26.903074577329903], [95.61102356468581, 26.81406914927186], [95.53238433676779, 26.824275996739914], [95.42281225887871, 26.689820105913213], [95.30213686322571, 26.649358841737183], [95.23729640200742, 26.679843368876448]]]}}, {"type": "Feature", "properties": {"ST_NM": "Nagaland", "ST_ID": "IN-NL", "ID": "NL"}, "geometry": {"type": "Polygon", "coordinates": [[[95.1958702327251, 27.03715978649501], [95.2340468888529, 26.91451986320118], [95.22996785902956, 26.879545871844584], [95.18454592905147, 26.858774297995524], [95.24238140267965, 26.778190669264006], [95.21592765583671, 26.728993861977187], [95.23729640200742, 26.679843368876448], [95.15437266356764, 26.613130109067356], [95.0658582302732, 26.443986304824136], [95.13500760062033, 26.38119170323455], [95.11942349260016, 26.10276830581273], [95.18230458289025, 26.0673330054139], [95.1051273081788, 25.961033414760323], [95.02670027349888, 25.912880491941223], [95.0509506804296, 25.75544825023661], [94.94128099372296, 25.668256696289575], [94.88603765851121, 25.580645129269328], [94.90329513776044, 25.560076319266784], [94.85136951129397, 25.55640089708379], [94.77106911774564, 25.47451673356045], [94.62383722680664, 25.46268514300499], [94.55603783417877, 25.506574921395554], [94.59575855341456, 25.680778351040146], [94.57187254008574, 25.691584800797955], [94.49226634491595, 25.608378312808952], [94.42888762736214, 25.586902548214084], [94.4190991705903, 25.536818536346402], [94.31240829750499, 25.488835832707537], [94.22196054574266, 25.491362300829564], [94.18187862369956, 25.54798173007282], [94.09129253192486, 25.527644621402203], [94.00974973845973, 25.59054585380818], [93.96458028954879, 25.551789992014562], [93.83600942099804, 25.55855179303086], [93.77138328890771, 25.536413077001953], [93.7653064718163, 25.495495876333678], [93.80707004334789, 25.491063268155358], [93.80841761807869, 25.46108039184668], [93.6921875991784, 25.3572687333654], [93.60733391562775, 25.19783068333942], [93.5541516781575, 25.24643638243316], [93.50463522213784, 25.24013454597258], [93.45156259853513, 25.340346795668154], [93.47791628231062, 25.375990663238554], [93.4566679292816, 25.438141585865537], [93.39034515690355, 25.465494091778965], [93.33345487794031, 25.545485444098006], [93.70649379395348, 25.849223572709775], [93.68784285566329, 25.905447540371767], [93.77316466062064, 25.961904000769096], [93.79567082524846, 25.81008520586761], [93.97922593253082, 25.915120472032186], [93.9548935901671, 26.002896618584145], [93.99983417960374, 26.15384063753544], [94.10835151191282, 26.321941354110265], [94.17577858431429, 26.33965084880765], [94.17615716112414, 26.427319426550355], [94.21194627999688, 26.485360695639656], [94.28277648234882, 26.558989295020012], [94.31679984803463, 26.458200874870556], [94.39687959741553, 26.524930731668007], [94.41032582267866, 26.61169832991402], [94.46841318382144, 26.66501660333364], [94.54552241402826, 26.706003523943536], [94.59281408939876, 26.6977177758547], [94.600381154167, 26.73275531060915], [94.68694900759067, 26.727430128897367], [94.80256719701856, 26.800757176602474], [94.8866989758771, 26.927161694356755], [94.92863945394771, 26.94674802739962], [95.02167695642646, 26.91980056084725], [95.1958702327251, 27.03715978649501]]]}}, {"type": "Feature", "properties": {"ST_NM": "Puducherry", "ST_ID": "IN-PY", "ID": "PY"}, "geometry": {"type": "Polygon", "coordinates": [[[75.53696559428681, 11.692748940910917], [75.52913646707435, 11.705315065338027], [75.54418722585984, 11.703478021993192], [75.53696559428681, 11.692748940910917]]]}}, {"type": "Feature", "properties": {"ST_NM": "Kerala", "ST_ID": "IN-KL", "ID": "KL"}, "geometry": {"type": "Polygon", "coordinates": [[[75.53696559428681, 11.692748940910917], [75.32234285294038, 11.897696640787387], [75.30894854643833, 11.940358471366437], [75.34985927558517, 11.93326146514454], [75.31863481234677, 11.973346264118845], [75.28816461590435, 11.958383776490166], [75.23032626174762, 12.02246005318898], [75.2038789567485, 12.004061953896098], [74.86303796792794, 12.758281100192676], [75.00507209669996, 12.789785616812821], [74.99155573870644, 12.742459449743876], [75.04976961107877, 12.719075821092304], [75.04798575993493, 12.664478963533384], [75.0919949350183, 12.699148609021165], [75.16202035835289, 12.668603596179082], [75.14189478461668, 12.642340868936003], [75.2024051558733, 12.629718466733891], [75.22409132225675, 12.567302030064695], [75.27807758151522, 12.61637236839016], [75.32948855745104, 12.589981174791433], [75.27386062177032, 12.544612650153738], [75.342773661975, 12.460912319248166], [75.41666663775521, 12.501659669458206], [75.42478014318914, 12.465043604179016], [75.3686499658233, 12.456556898981773], [75.36770379899122, 12.4119557676446], [75.42382037680898, 12.371738175676342], [75.43331858998101, 12.297048244081225], [75.48557800522082, 12.291312810537818], [75.5557589663033, 12.181412711227665], [75.63885674244477, 12.14781139737812], [75.66219542118182, 12.099767073091982], [75.70574744568813, 12.105865616005417], [75.72133944885655, 12.067661810244374], [75.79993185627023, 12.079936329498082], [75.8561413727262, 11.962882610743918], [76.0039050948443, 11.929745216668437], [76.11396785093564, 11.976941086362103], [76.12288112616312, 11.84939593327573], [76.19061982984135, 11.87024025058713], [76.22536740967826, 11.80660682974144], [76.28213682155712, 11.807435486658449], [76.34241060186781, 11.737437238138057], [76.41206296213608, 11.75679270262117], [76.44221918007116, 11.64055970966291], [76.30554294315237, 11.57111281660326], [76.27844969289907, 11.599634046374206], [76.2331006511742, 11.571091809339578], [76.24774023812154, 11.466344477315829], [76.28581061776583, 11.48130616994382], [76.41873288751282, 11.440639225419943], [76.45698147681378, 11.388558812139536], [76.5471790866456, 11.358921487736495], [76.5226281451728, 11.269262918948584], [76.45529622733909, 11.237628051893125], [76.46176900603484, 11.187402133301873], [76.49677059578642, 11.210047944656992], [76.63269291574551, 11.193224122994934], [76.70679218071461, 11.239036718469833], [76.73651146123501, 11.214242433041875], [76.69595045594883, 11.165395437749282], [76.7451131780308, 11.13292592519133], [76.74747917562354, 11.055328985444362], [76.77769529380282, 11.040118998992682], [76.70069127887945, 11.025234166024006], [76.65771882606305, 10.936627486569307], [76.82862895995856, 10.86983874576157], [76.9090861476077, 10.779034587276442], [76.86673464608708, 10.680547780455754], [76.88445319605819, 10.637614140580183], [76.81658770146129, 10.634377369919719], [76.84151774584734, 10.593144376811608], [76.83216530558445, 10.303299410439479], [76.98400072355463, 10.217076753689298], [77.17642586666045, 10.35517098495302], [77.23581848313654, 10.349343008473113], [77.22821476380034, 10.314823618115554], [77.29461727186964, 10.216432588193413], [77.26763042490427, 10.120517916168922], [77.20234184230225, 10.104596408597445], [77.27617923908065, 9.972830105824755], [77.21923157977363, 9.903278614416593], [77.24914657165704, 9.797532066351835], [77.17093114655523, 9.610245288789088], [77.26637249729299, 9.574393951219918], [77.32021235681486, 9.602176800718837], [77.33703598062607, 9.576544454163297], [77.35690387521373, 9.604286990652156], [77.36678483625127, 9.535532035075391], [77.41268704647007, 9.505892350851354], [77.28349624555534, 9.299800483105855], [77.26884137373048, 9.1518396718634], [77.14926491364491, 9.020235823524501], [77.25771437771641, 8.87664055172013], [77.23272825160757, 8.784202296298986], [77.17333318178095, 8.745802307930205], [77.28411997575631, 8.545841639280297], [77.26655464418155, 8.509678477979435], [77.20534913655348, 8.50148745188443], [77.22863517347452, 8.445848151471068], [77.15391306503597, 8.386383976839113], [77.16908311709221, 8.329774683854623], [77.10005572719012, 8.29135591674219], [76.98276136514494, 8.380341253945744], [76.67175682771546, 8.790378249256833], [76.54951859021082, 8.89814649936153], [76.3372902542419, 9.42227114589673], [76.24328029145232, 9.969274402291887], [76.05173650463604, 10.477625551677932], [76.0416297292287, 10.524838382585358], [76.06574680537085, 10.535251012923936], [76.03788616811221, 10.561393074530827], [76.03290907169634, 10.506709286704279], [75.90417969313836, 10.796489622398212], [75.82381429479392, 11.159112162396411], [75.73957687707127, 11.357143363475473], [75.67669827250734, 11.450297387514468], [75.62138837847095, 11.47638773990235], [75.53696559428681, 11.692748940910917]], [[75.52833096859939, 11.720236067240762], [75.54502380850204, 11.73396049598017], [75.54611985904432, 11.757653164961653], [75.52833096859939, 11.720236067240762]]]}}, {"type": "Feature", "properties": {"ST_NM": "Punjab", "ST_ID": "IN-PB", "ID": "PB"}, "geometry": {"type": "Polygon", "coordinates": [[[76.78337062655322, 30.90275598360182], [76.86015800918483, 30.78869039274747], [76.8147127885644, 30.758973012494607], [76.7726598610638, 30.795316057090417], [76.70384626609234, 30.742986202451334], [76.75157026445618, 30.685371197622715], [76.87626557389717, 30.667551973045192], [76.87166463871216, 30.636649902371175], [76.92648891772944, 30.595625857747166], [76.90267714973072, 30.43252045155765], [76.93998643762404, 30.384387313823538], [76.89982875039658, 30.35416052338951], [76.8451521706362, 30.42977293906995], [76.73777314171718, 30.4164335595612], [76.712670183782, 30.389627526689083], [76.7363886714001, 30.340331585334468], [76.55799720510697, 30.254755244359103], [76.55980301499721, 30.230551051789632], [76.60251977796543, 30.250181910266974], [76.65136629032207, 30.18116133812532], [76.54549011487694, 30.078794999889396], [76.46388593548761, 30.096846375459904], [76.42216879235593, 30.198562871679258], [76.3929125619652, 30.179542821943755], [76.40182678148085, 30.12377899780256], [76.3376684488399, 30.14558859703618], [76.36069288646758, 30.12396308632742], [76.34011773894258, 30.105833896017543], [76.21429809797888, 30.149342359162574], [76.26543794990152, 30.10243672407563], [76.20303098039551, 30.01466271970878], [76.215202544362, 29.940487384685127], [76.1775391025476, 29.92507797267035], [76.2532535229318, 29.86529106463098], [76.12738361795965, 29.792798373745995], [76.08864097350221, 29.80223525944973], [76.05232073301545, 29.745247230475343], [75.88996057791837, 29.74379124067326], [75.83978622735259, 29.809176149659606], [75.78236304431908, 29.822347877552545], [75.71656405778509, 29.80568971281002], [75.70798574944286, 29.752239019615104], [75.6358624227127, 29.77039479208605], [75.57918403661404, 29.73986031030512], [75.45466074589677, 29.805372279107473], [75.35606937759974, 29.669014423776673], [75.32773448286014, 29.668347196965613], [75.2901857225931, 29.60092481452864], [75.30041932579132, 29.559373634086], [75.2477733099903, 29.549252562156084], [75.16767007391485, 29.660662245466312], [75.24105020230508, 29.749960451413756], [75.21108790338411, 29.8280117646313], [75.16554047751106, 29.81790856043176], [75.15173562060244, 29.775092855850687], [75.10021217005567, 29.804866803460243], [75.0950272268251, 29.913452287293296], [75.07563052572823, 29.87737292212273], [74.99993896071453, 29.854919151097988], [74.92585402464357, 29.947877136420743], [74.81125481475794, 29.99158577156618], [74.70542502454532, 29.970768349379853], [74.64935845622784, 29.903258034830515], [74.53994000592661, 29.944584267849734], [73.90020871905722, 29.97140461343224], [73.89020710407465, 29.99767472320997], [73.97768339327405, 30.185665419023906], [73.96756127633188, 30.263176733419584], [73.88539679502611, 30.362642078169415], [73.97208585457861, 30.43354334584876], [73.93530474391883, 30.437660270405217], [73.93520261331003, 30.48936955506099], [73.96743501421457, 30.463107395290137], [74.01595873560723, 30.532678266189066], [74.0676288763716, 30.520679707502552], [74.12904155722214, 30.633646870007112], [74.28701606044291, 30.73527314264146], [74.26359806689732, 30.77205492059818], [74.31032685030397, 30.787084947312508], [74.32748482946135, 30.848796151820977], [74.38197944219758, 30.861082561910735], [74.37229435260235, 30.894945702582163], [74.42552677763871, 30.911535800336992], [74.4596738873401, 30.969665715600343], [74.55036363497385, 30.998152522920634], [74.56558438361247, 31.05421180852818], [74.66808712562039, 31.055090914714015], [74.70662435682868, 31.09595534945987], [74.69137811960456, 31.129640973851906], [74.63851962907768, 31.136440160584982], [74.57787529031248, 31.08518151901194], [74.51826046394933, 31.13686956347965], [74.55353182153641, 31.366899052149563], [74.60251363059962, 31.42272339796648], [74.65645731865038, 31.429949960522322], [74.65495426732565, 31.462702247810512], [74.5854037795608, 31.50720917876066], [74.62047197400244, 31.566557611544567], [74.48603619651334, 31.722434652037634], [74.56546375934505, 31.759323809945897], [74.56994993294313, 31.83073460561758], [74.61175345236, 31.8853994582185], [74.82443577778895, 31.957591483260387], [74.87652637769025, 32.04652671293752], [74.92120360246435, 32.063836547119024], [75.01341925859197, 32.034998266756645], [75.13456115687194, 32.08398909062407], [75.17291182102377, 32.069169201297655], [75.20787491529518, 32.11532138707241], [75.26247990272537, 32.10267821952425], [75.33270972217599, 32.218674728555925], [75.37873120857847, 32.23874181308423], [75.38212378948134, 32.269253708392], [75.32800313463702, 32.29597199890867], [75.3396293648653, 32.34237893771697], [75.50550657167099, 32.31049149938326], [75.51973521790603, 32.27973068792096], [75.54460956907639, 32.349134249845804], [75.72720191343763, 32.41810690341089], [75.88863739437929, 32.57602921105799], [75.87120977081435, 32.499340144831876], [75.95045920312975, 32.424260730348465], [75.75179530201166, 32.27344336651822], [75.63777898051558, 32.23455380341534], [75.63534650413789, 32.18497924399696], [75.6769481653256, 32.16436385360902], [75.59364381311156, 32.081439570180066], [75.70722295707384, 32.05892809325695], [75.90942331983041, 31.94872876072378], [75.97044488372444, 31.831029623718223], [75.93644909215192, 31.81588515467621], [76.15751729168971, 31.430131699118647], [76.14893020236701, 31.359538353911944], [76.1866631851579, 31.304390097724877], [76.30433126407661, 31.31309250171762], [76.34409400683302, 31.342715968467246], [76.32995460841852, 31.399900904003573], [76.37736510941232, 31.43883515891548], [76.45976222104974, 31.286900499858234], [76.48075123388242, 31.307384378786082], [76.54893026452015, 31.252375678494843], [76.58456708770098, 31.2771436839339], [76.6156410143214, 31.247833442059743], [76.58992673952747, 31.222715756826744], [76.64939938757175, 31.20982138614812], [76.60428507969272, 31.179727773617913], [76.60311267041345, 31.124516719570977], [76.63952192759496, 31.106985000157692], [76.62364350294536, 31.000907290239297], [76.78337062655322, 30.90275598360182]]]}}, {"type": "Feature", "properties": {"ST_NM": "Assam", "ST_ID": "IN-AS", "ID": "AS"}, "geometry": {"type": "Polygon", "coordinates": [[[92.42207930931272, 24.251077224334495], [92.21281749413208, 24.247635403750905], [92.27311938994796, 24.386651048906856], [92.23122345529828, 24.458635208248324], [92.22251664552681, 24.608882849763745], [92.28308730103817, 24.787193823136477], [92.2434607525118, 24.90005242937616], [92.3076579898244, 24.916249589946688], [92.40268551572404, 24.855346357048802], [92.49776543972331, 24.86791893591021], [92.48870182662807, 24.94232809196791], [92.42022735251038, 24.99177705476734], [92.4848401782317, 25.105868801504016], [92.52699069386551, 25.103583334603286], [92.52519101285503, 25.137770378700054], [92.62200551863981, 25.115283716770136], [92.67742959599912, 25.179695421706413], [92.80337424992177, 25.218802369833554], [92.7650139252525, 25.246720662628547], [92.78480048965093, 25.329897155529352], [92.6512502323124, 25.429254641888235], [92.60775559894182, 25.41619806139147], [92.59898292552168, 25.46931812872873], [92.57231681906603, 25.46178335501787], [92.64554423807618, 25.53505491365337], [92.65437558866256, 25.589800568541477], [92.57345304322342, 25.558147564858302], [92.55867841947355, 25.609754551631283], [92.49904703389353, 25.62482125989328], [92.43561469336345, 25.685485050994373], [92.43451137719836, 25.729419451946228], [92.3849580804511, 25.745475348808327], [92.22648387523071, 25.71221131040369], [92.17132512935132, 25.664709689200834], [92.15486011290392, 25.81110036329119], [92.22684408878371, 25.89990458872586], [92.1618132824571, 25.913550764756053], [92.1582531164882, 25.943165898387576], [92.30353466299437, 26.074718834306793], [92.18041812509648, 26.077888185491418], [91.92810568442985, 25.998381210724347], [91.87175985952996, 26.05557043692619], [91.87825170115514, 26.09643850942973], [91.82185819240169, 26.11752005350769], [91.73382476779886, 26.058063515019228], [91.72261428771924, 25.952918693442996], [91.6717441649613, 25.904284631530572], [91.61367671121133, 25.938879716026122], [91.63478759477175, 26.02135185180657], [91.57854183293932, 26.032106532090836], [91.48562357246993, 25.861975527648553], [91.33514926672535, 25.831297823435875], [91.22656973190766, 25.722727772868495], [91.18273529060122, 25.775658118327556], [91.19591973760589, 25.854556324015164], [91.00916054912011, 25.820240096803047], [91.03233842907531, 25.887487972092288], [90.97063162584891, 25.886668064679498], [90.94884046451591, 25.938622916414488], [90.91917868844575, 25.942678597139604], [90.92238699736208, 25.912833273936485], [90.88633361000814, 25.951297955935956], [90.8238559744737, 25.948012465402996], [90.78147134462694, 25.907897626374393], [90.74398204483555, 25.914848171705785], [90.75093957699994, 25.956949632019928], [90.68960239873178, 25.95047262740985], [90.6283627069734, 25.898607896737076], [90.63261424475166, 25.937137167146602], [90.58247578972595, 25.957755622424088], [90.52914090492885, 25.900777019244117], [90.5381945130664, 25.95777660720472], [90.48115460759914, 26.015035991317973], [90.43249327824225, 25.988846738686107], [90.36896731468988, 26.010145906108733], [90.18974957468316, 25.945497274779484], [90.11794247926207, 25.957388301528965], [90.00893971089897, 25.878696836489837], [90.01247117770276, 25.846855831331595], [89.94876069844753, 25.824531230831667], [89.93761116362435, 25.74464107202789], [89.89956206553694, 25.744220129055748], [90.02230028113314, 25.608498025163783], [89.89031398170494, 25.558046493650806], [89.85608802574183, 25.47661758403433], [89.88321007138774, 25.61524344952562], [89.81884559524809, 25.81708817537907], [89.88754214165658, 25.93797892718578], [89.83118431530397, 25.947038322460685], [89.87152458828916, 25.976084052137367], [89.83517300552984, 26.007184794742557], [89.81863534004896, 25.988989499765637], [89.78748485953872, 26.106053402442626], [89.70505792458363, 26.184847223820384], [89.72605849460388, 26.28816363914069], [89.7640825016062, 26.292571028530176], [89.78699976882433, 26.353235641611604], [89.86223265171554, 26.384387561936478], [89.83228639040465, 26.39640449647038], [89.87452957308142, 26.448336676296606], [89.86787349546552, 26.7368813659823], [90.13308326827826, 26.748869387312425], [90.19394274466197, 26.77039255067575], [90.22011865225403, 26.853500937918], [90.31692082113904, 26.85062800957502], [90.36027869730407, 26.89586638792349], [90.41489625635722, 26.90167094785602], [90.56482902184194, 26.80071508653208], [90.70458093566174, 26.76765771323295], [91.05829109615723, 26.77894512941424], [91.09341315279482, 26.817909351535377], [91.34033599241218, 26.778967216763704], [91.41237585036527, 26.834842317618893], [91.49662759159014, 26.788975908511418], [91.62757381338082, 26.820451940904377], [91.68298126137614, 26.803833885925144], [91.80560510209386, 26.851064429879614], [91.85713557094988, 26.911277175900977], [92.0585574868386, 26.84684368398888], [92.1112736947253, 26.892588914846613], [92.58822294013663, 26.960193356038587], [92.64844067379812, 26.985741532345912], [92.66196633887552, 27.03683354842957], [92.87520516028997, 27.005754369768397], [93.02183463226254, 26.914631842285758], [93.35010659724173, 26.960648123412227], [93.49137619885255, 26.935716382005467], [93.65697539539826, 26.96344767517013], [93.77558399700393, 27.059240298401107], [93.83011326961179, 27.065765934750118], [93.81061164281311, 27.148678428067058], [94.15947419937487, 27.474858691375573], [94.26198348754798, 27.520199460236938], [94.21597367704362, 27.6013139335912], [94.23758501083961, 27.629420935627707], [94.3579516206708, 27.574015566864944], [94.42317015597797, 27.59790491577928], [94.46184832893726, 27.55414269093251], [94.82329222015989, 27.692262680578324], [94.86796563090923, 27.74163898894824], [95.3184362623237, 27.866583015793594], [95.38609538409474, 27.837289045353202], [95.51765823773752, 27.876879096693017], [95.60851209815485, 27.952834663988597], [95.97886721594932, 27.962801791769323], [95.7593644842836, 27.725375163433114], [95.7941610627829, 27.68638291034307], [95.78800255487408, 27.617374718268707], [95.88198631321785, 27.546840765189188], [95.84976752625039, 27.423741610287152], [95.88301027050761, 27.437460802274245], [95.90042456993802, 27.40460399307989], [95.91155261546089, 27.433262231866536], [95.97359708623662, 27.42989791485695], [96.01331107674486, 27.35692887286922], [95.89813688710774, 27.25727835051549], [95.86061072590434, 27.287334096191614], [95.5903721852282, 27.22316300576813], [95.51134709868973, 27.2601666878424], [95.45929704472292, 27.20347912326298], [95.4580527949006, 27.12941897070897], [95.34892493174027, 27.098732007975855], [95.24850128020995, 27.024323002104893], [95.1958702327251, 27.03715978649501], [95.02167695642646, 26.91980056084725], [94.90176552765706, 26.935024284443216], [94.75671333255434, 26.767018240399523], [94.46841318382144, 26.66501660333364], [94.41032582267866, 26.61169832991402], [94.39687959741553, 26.524930731668007], [94.31679984803463, 26.458200874870556], [94.28277648234882, 26.558989295020012], [94.18699347197122, 26.456035588871373], [94.17577858431429, 26.33965084880765], [94.10835151191282, 26.321941354110265], [93.99983417960374, 26.15384063753544], [93.9548935901671, 26.002896618584145], [93.97922593253082, 25.915120472032186], [93.79567082524846, 25.81008520586761], [93.77316466062064, 25.961904000769096], [93.68784285566329, 25.905447540371767], [93.70649379395348, 25.849223572709775], [93.33345487794031, 25.545485444098006], [93.39034515690355, 25.465494091778965], [93.4566679292816, 25.438141585865537], [93.47362539649492, 25.305372170289502], [93.3867372423299, 25.238631390326475], [93.33528825025263, 25.092137422803887], [93.24835524240058, 25.015239320138562], [93.25267601448655, 24.91523478595667], [93.19242187267133, 24.802731656540743], [93.11213980730633, 24.79887475566551], [93.07524475434201, 24.707115750991193], [93.09649386010364, 24.57920915947517], [93.04064058219717, 24.511364601994842], [93.03826728750539, 24.407904368891536], [92.91081274561179, 24.409938588595026], [92.83203772006476, 24.373560076536364], [92.76474816749402, 24.51816375815099], [92.6911588981647, 24.353883323856337], [92.62570239235157, 24.332055299312685], [92.61107028596496, 24.250971734757798], [92.5501897051908, 24.24363825360257], [92.52915982446638, 24.172594284198908], [92.48102265956817, 24.140822901855472], [92.43616204054581, 24.150393559914903], [92.42207930931272, 24.251077224334495]], [[89.793669115937, 26.340475960597132], [89.82701387299193, 26.325070837449232], [89.80486195401602, 26.34943193563538], [89.793669115937, 26.340475960597132]]]}}, {"type": "Feature", "properties": {"ST_NM": "Tripura", "ST_ID": "IN-TR", "ID": "TR"}, "geometry": {"type": "Polygon", "coordinates": [[[92.23341682892357, 24.501713959131962], [92.27311938994796, 24.386651048906856], [92.21281749413208, 24.247635403750905], [92.29646594674608, 24.249918609756094], [92.33655824067034, 24.144936187754922], [92.31079486199337, 23.943868881743526], [92.33066331146273, 23.910026582860553], [92.32146700609752, 23.868062250272658], [92.27610339535545, 23.85126523650149], [92.2862810877021, 23.81511428889337], [92.2589068002087, 23.813382580441782], [92.26848374992517, 23.72439394182703], [92.2244349525111, 23.65287983383729], [92.20843887675284, 23.70486210050558], [92.15457398190381, 23.734036846023685], [92.0704358601269, 23.646635410096167], [92.01240768876386, 23.663089180521297], [91.98388621887398, 23.730698464562522], [91.95643287287885, 23.72804015133198], [91.94042978330793, 23.6642832400795], [91.97870604834549, 23.482194122161047], [91.8480176990576, 23.402315998084873], [91.77775905723479, 23.276366900612004], [91.83532659044982, 23.095778186414236], [91.62154562353174, 22.944180918814425], [91.54589725565387, 22.99774959856518], [91.50439141183426, 23.190179055718886], [91.45838535150284, 23.22006752299785], [91.45714984758746, 23.25826374567538], [91.41665645423205, 23.261189524477004], [91.38445516627297, 23.195175930924506], [91.42159540950058, 23.071486637298506], [91.35644086275568, 23.09551938221375], [91.28265501601624, 23.4063178085201], [91.16321891312242, 23.601399608305314], [91.16151088651827, 23.66349746013975], [91.20736278416524, 23.649592498794846], [91.20757656830403, 23.682194579516306], [91.15776807633569, 23.68937859874336], [91.15484127230695, 23.729345511885924], [91.22755624232678, 23.74532289613478], [91.24195628405533, 23.928306576887053], [91.27599814250033, 23.932967584086782], [91.28451065644168, 23.980090766076046], [91.38540191406713, 23.975942973189717], [91.40416338353339, 24.053940842396003], [91.38208837278023, 24.10494626635716], [91.59093772109901, 24.074491520267486], [91.64247547266501, 24.10945231317379], [91.66744262577663, 24.231361210851276], [91.69456190780585, 24.16680061145911], [91.7613932000362, 24.141320753949685], [91.74976557302284, 24.244834196341117], [91.84800629115745, 24.225202158852596], [91.90736157137945, 24.13693055330242], [91.94400942139777, 24.257695675215302], [91.9279339319055, 24.339076572725673], [91.96231843294936, 24.357950387300605], [91.99176423683014, 24.32829664937094], [91.9745884501969, 24.382763101635874], [92.00587828335614, 24.393032550911528], [92.12416679556122, 24.382178337260484], [92.13925206762889, 24.42170270031943], [92.17179910804248, 24.421563085967705], [92.15880730751127, 24.52465720236802], [92.23341682892357, 24.501713959131962]]]}}, {"type": "Feature", "properties": {"ST_NM": "Uttar Pradesh", "ST_ID": "IN-UP", "ID": "UP"}, "geometry": {"type": "Polygon", "coordinates": [[[77.58333782398142, 30.306287634167006], [77.590711783622, 30.40757633188224], [77.64891096287067, 30.40518720822314], [77.72390950491979, 30.33372387595614], [77.94241046197328, 30.234730399188606], [77.83274858407992, 30.088398333916018], [77.79919972498737, 30.094734882408943], [77.71539106444612, 29.8844804180369], [77.804606266566, 29.67647834979607], [77.95305028534244, 29.70908575540335], [77.98915231252926, 29.636491455516307], [77.96025140517827, 29.584775735312007], [77.99085288825023, 29.548525564603153], [78.04459332322335, 29.546063495134263], [78.15142506071805, 29.670454920957866], [78.2437829338354, 29.69840633848179], [78.34433461285215, 29.79049481788161], [78.50015931010415, 29.735600690319643], [78.5239635013146, 29.644868648469412], [78.58886347427, 29.5746995161698], [78.70569119878985, 29.50295659636987], [78.91269149601578, 29.4501849749567], [78.89947525887618, 29.402992658484436], [78.73960646596566, 29.306809011826488], [78.87608591773096, 29.243470317701053], [78.91230427582173, 29.14457245145752], [78.97857339554582, 29.15949285621042], [79.02889756147334, 29.11178945681803], [79.0457609317217, 29.16502935791857], [79.14277652141936, 29.123280820353614], [79.16634971097045, 29.021323277047657], [79.21588038617097, 29.023016964861085], [79.30726314238018, 28.94819259001605], [79.37151526801529, 28.964372800164654], [79.41323685649581, 28.92615416188511], [79.42291472093768, 28.84975836475678], [79.55512594890348, 28.88455073263026], [79.5626650987154, 28.8397848230112], [79.63084853153458, 28.86147241122285], [79.67799527845938, 28.842227055234446], [79.78634626227023, 28.885741447609746], [79.81996788910686, 28.850211565511415], [79.80379659303838, 28.79695793176319], [79.86135452599063, 28.83930912571566], [79.88717229476566, 28.824172142630346], [79.85233516943259, 28.80258547364076], [79.90662208733954, 28.795382035352702], [79.96460706966059, 28.711465680097092], [80.02539656889661, 28.731332428948463], [80.0703480311368, 28.829225999780135], [80.13338861709104, 28.82214356976999], [80.26215989686182, 28.753446051194373], [80.37216461610421, 28.633280998319492], [80.43301233025488, 28.638933802153304], [80.52275975296027, 28.55755243969338], [80.50866831449116, 28.665791912966483], [80.55778413153251, 28.691286412338115], [80.66986549509659, 28.638239848390356], [80.70266260729358, 28.57535105720558], [80.77240285560737, 28.563208683434027], [80.78711116694683, 28.524523767358005], [80.9086104585059, 28.494969367642227], [80.90975324591562, 28.45701069458795], [81.01564263150232, 28.446870241368572], [81.03713088138511, 28.400206385416425], [81.2149305218262, 28.357926687566646], [81.24042206602559, 28.28094404503173], [81.32042422100108, 28.201816273901954], [81.33055047932123, 28.137706141325395], [81.4291711969932, 28.17102556897487], [81.47828284028094, 28.084133379551872], [81.700329064235, 27.988772126032814], [81.89057850449444, 27.85757723989775], [81.92896326913962, 27.859644940461692], [81.97134059109544, 27.929454089434728], [82.07451720770302, 27.923716689074013], [82.1260027590202, 27.865688831574346], [82.20720978520347, 27.84568747309845], [82.45857035104092, 27.676181067602215], [82.69941216114239, 27.720434593881464], [82.75500244310831, 27.58325075172087], [82.74625101617153, 27.500216342710075], [83.18416680875129, 27.452862520588894], [83.31183556106237, 27.329156674041315], [83.39114627857793, 27.372679317696395], [83.40210258146902, 27.47796052775618], [83.60861450095854, 27.47001355518148], [83.83952592688007, 27.366224845600186], [83.86476705665439, 27.30794057699609], [83.93368809542932, 27.313195305818738], [83.91192919457671, 27.24891672482704], [83.97152499578198, 27.224791659107836], [83.99503757732242, 27.17865026969423], [83.95065980790389, 27.086531742146235], [84.030535410281, 27.092450985424705], [84.0008973745143, 27.06825135511599], [84.05057788126425, 27.04169702269951], [84.06159410148666, 26.88882050006606], [84.13159445442056, 26.889827840582427], [84.17842407161368, 26.831770475427163], [84.21873224239914, 26.868242944156577], [84.25512488460578, 26.856012257859447], [84.25163724895992, 26.728151384278988], [84.3073943506688, 26.75067199381749], [84.33493678170714, 26.68173719811324], [84.41148471714604, 26.668760172543955], [84.42360226693114, 26.6247595626038], [84.28143639287526, 26.59684777640382], [84.08972538611772, 26.638063870351402], [84.05699297834332, 26.54084361384173], [83.91147700555939, 26.515330479618], [83.91147102596716, 26.447545602947287], [84.0252549563512, 26.43937863731429], [84.07060384249337, 26.387560961868928], [84.18040643101205, 26.371551865726076], [84.16238500106698, 26.24292742006446], [84.01448721161557, 26.231618649481163], [84.01192927441656, 26.175827299790114], [84.0578801568438, 26.097399225493916], [84.099838835394, 26.094272731501405], [84.18114568362648, 25.996669758602536], [84.30017388101987, 25.946291785337678], [84.35997703800996, 25.95738373926821], [84.43968293471971, 25.890840057422736], [84.53708357994333, 25.876004663784272], [84.53538687310578, 25.832627551120652], [84.62944844169226, 25.790765761031082], [84.60885629068531, 25.759055714249882], [84.63887354807582, 25.726807833314922], [84.56393159676583, 25.73481679975555], [84.5606017004082, 25.6824808674981], [84.49668935752788, 25.67625649234327], [84.4571092365021, 25.71283045136431], [84.41024832559981, 25.697814974781295], [84.38842186407783, 25.74694846799747], [84.33971580424105, 25.7427956775785], [84.32695081632716, 25.67022125450734], [84.29849999987516, 25.66109926731741], [84.20792093360427, 25.67053841211805], [84.17598690886882, 25.71987043517248], [84.10287912037518, 25.71844700172778], [84.08494250729092, 25.635652471584365], [83.92941870341048, 25.559794322450045], [83.85950416198756, 25.47182441516469], [83.81861559483389, 25.463996960691247], [83.84674204740764, 25.435019268324652], [83.77027391331052, 25.386027339190377], [83.68466350241874, 25.379745462283324], [83.35796170337, 25.19690409744618], [83.3659108136332, 25.125967579939925], [83.3247387801706, 25.036491564534117], [83.36519545870351, 24.953575535982225], [83.36211058353666, 24.86892602641501], [83.39848658109088, 24.831469507811562], [83.3948510897061, 24.782656157955387], [83.48785151943213, 24.736395586786955], [83.52116518962185, 24.677573876133522], [83.5054847165465, 24.650344464925183], [83.54684282423699, 24.62648076737355], [83.50606603831704, 24.525889651286434], [83.40091865637095, 24.49995797707902], [83.38928888087719, 24.454463576133207], [83.45104323485748, 24.371755541884795], [83.3834186398584, 24.312429829573034], [83.4096630407168, 24.265051331853556], [83.35674426053924, 24.125618772688256], [83.22372867803614, 23.988645893493242], [83.19725342480575, 23.920404340188213], [83.09429182530755, 23.87744804549095], [82.94652384759752, 23.875016684272623], [82.81553199420625, 23.961983259319993], [82.8092589315545, 23.999930821250473], [82.75367267405471, 24.01191793966126], [82.77408108007785, 24.07661058650939], [82.7162403427177, 24.079459841998187], [82.6713775644231, 24.122529332562692], [82.67872108201237, 24.157038652311996], [82.72821200717846, 24.137629314841035], [82.77204797103707, 24.290912198838953], [82.76854904080562, 24.37142890901697], [82.71512411408668, 24.383502119527236], [82.74458996295647, 24.497985065958062], [82.72417104835523, 24.555271203103587], [82.80883014469549, 24.550891123426652], [82.77088768911563, 24.643742697367657], [82.71019764860267, 24.64013887470935], [82.6660756886422, 24.698323826683293], [82.53740577055993, 24.64983252045448], [82.44047938011937, 24.704013426278664], [82.40976605376045, 24.681530197960342], [82.41728996366095, 24.595660596159632], [82.3011550444698, 24.614612952126095], [82.3000498541175, 24.662438297789265], [82.23700502066521, 24.672187667327023], [82.2578331636696, 24.753895856009024], [82.19694529838688, 24.741271100281097], [82.216957503586, 24.795216017705116], [82.12042399097447, 24.78963195355186], [82.01314880497341, 24.8479101742152], [81.95094414785422, 24.839192651719543], [81.90472652650806, 24.889605207514364], [81.90997167485295, 24.979831047964524], [81.69025510688772, 25.040546322554803], [81.66827585684536, 25.074904387127788], [81.61688357511696, 25.055582513222475], [81.6028395893756, 25.073607598012302], [81.64034898901468, 25.09994516773537], [81.6005325900071, 25.132998179322556], [81.62809361632736, 25.152250740679165], [81.57485177538916, 25.192285878190773], [81.52127627967661, 25.184407318842716], [81.52686790622897, 25.1391049591266], [81.48583319114891, 25.13495193758189], [81.51595763064017, 25.10339111800573], [81.49208132549285, 25.071534745232384], [81.35781017340082, 25.16375716066449], [81.32135406603737, 25.15992769180957], [81.3167490740106, 25.122257175028665], [81.3132612701915, 25.16383309672011], [81.27702916236603, 25.16153095279128], [81.21422092705421, 24.93575119785953], [81.16964803532863, 24.95497097173302], [81.1363428619336, 24.890120991190827], [81.08462044807527, 24.94866311341201], [80.98917312224188, 24.926008521975746], [80.94499374956195, 24.968791584763892], [80.8103131325451, 24.940682579937175], [80.91384864969547, 25.160570398605046], [80.88635783524597, 25.19164470114208], [80.84457770899411, 25.18869774150761], [80.83593438866114, 25.106388582667023], [80.80612790178128, 25.142267288404696], [80.709084390832, 25.124024821288515], [80.78411207001608, 25.057785613015653], [80.68170992437359, 25.050199492512604], [80.6874316405578, 25.07782878906744], [80.61663032532931, 25.094548188648048], [80.64056240553066, 25.119221329101094], [80.60278029457498, 25.151132550626755], [80.61490051444724, 25.072171026371848], [80.55153606373841, 25.063590601924773], [80.51762347654227, 25.096908711168112], [80.48257991812875, 25.097691694216394], [80.55030444399495, 25.00265092040371], [80.46032407349725, 24.98261313308967], [80.43364402665054, 25.02655524213077], [80.49935250271591, 25.041935114114267], [80.44878587057156, 25.077922653108033], [80.37527424780836, 25.05469407387244], [80.39019159666492, 25.00561434662484], [80.28647183540693, 25.017461708591043], [80.2895591945013, 25.055824244693213], [80.35307141911073, 25.054368932979912], [80.37687514986834, 25.111137936566593], [80.35670042908157, 25.13644366374416], [80.43182240128283, 25.169905352450087], [80.40723432950074, 25.238661692982816], [80.32019082644553, 25.27775948241424], [80.31729336549648, 25.387362791959333], [80.26412814229997, 25.424166690540403], [80.1352055408031, 25.336076426985585], [80.02883497025772, 25.338553507038796], [80.00534510199492, 25.26557380268889], [79.85314157172621, 25.231935853157154], [79.88004368007182, 25.143981568894333], [79.86371255289208, 25.09400225430062], [79.74736261299427, 25.13836762026949], [79.60287104266456, 25.129477841629125], [79.57665156022136, 25.170830858257546], [79.49746113782129, 25.078091097026572], [79.46810766193909, 25.091654428409186], [79.47780719194839, 25.12597879718379], [79.40952483730143, 25.108638362670376], [79.39145961846668, 25.16550976216587], [79.48086293807421, 25.27731509051904], [79.40889177033898, 25.257531106275565], [79.37210982690704, 25.28765018490816], [79.36061901555519, 25.26052669045447], [79.34141461019618, 25.327671983675145], [79.30239678398448, 25.33528392911012], [79.26409361213058, 25.274568661714397], [79.34772782847654, 25.267892214454207], [79.35455718836363, 25.20941739299832], [79.28117163796077, 25.24325256835141], [79.3084772442295, 25.126055900559436], [79.26202043829267, 25.125664136091075], [79.25808594121327, 25.156392198741003], [79.22135847601294, 25.14355641439704], [79.24582736154355, 25.111574926141998], [79.19229684722177, 25.1462911691022], [79.18671590281673, 25.112877390878964], [79.14074827231497, 25.10623322658222], [79.09169504628943, 25.187625920499897], [79.02907775323575, 25.13829956137573], [79.06384765604457, 25.220779148938618], [79.01976753614292, 25.26905734462082], [78.98068447221067, 25.248698649523135], [79.00314407893615, 25.191009644879273], [78.96016591362604, 25.21573141976927], [78.88435758693316, 25.15722931288252], [78.87947196595854, 25.245781190349703], [78.97208393802339, 25.278869401401778], [78.96320931745612, 25.342711196064897], [78.88387704319103, 25.339387462761238], [78.85320037499736, 25.228786842838588], [78.7905437608859, 25.298111726674904], [78.88215540444844, 25.38255921343699], [78.9508789404108, 25.398028948377316], [78.90279411515633, 25.375699543699056], [78.93605099225954, 25.346743042057767], [78.98194453751046, 25.367501760098207], [78.9676461155758, 25.433783303956375], [78.91070459234311, 25.441811407970135], [78.94316304054195, 25.474878843783642], [78.93326404180215, 25.554765583365054], [78.8414406294815, 25.510808218224724], [78.86462257796967, 25.461988253854884], [78.84401523831264, 25.42911008666124], [78.83293147001137, 25.463205148998497], [78.73370889724788, 25.484871863046067], [78.75915919404162, 25.433270935905], [78.81920394760414, 25.427940678419645], [78.75274239454592, 25.410406067685926], [78.77165051555892, 25.353294388225493], [78.66512237569714, 25.382831354583402], [78.65930856264009, 25.407979113145586], [78.70755192398218, 25.42095970182885], [78.64610299505722, 25.435241155355072], [78.6410330526333, 25.404352234568023], [78.5682755239963, 25.39052347997466], [78.58333954328538, 25.346791255612004], [78.5351550830407, 25.36071941856636], [78.53213221253162, 25.30140292880219], [78.49456372203821, 25.31505068943784], [78.4356471571906, 25.275705800482342], [78.50370010377685, 25.28873840055678], [78.57560947100035, 25.25352421287215], [78.60408896683242, 25.0928909809341], [78.64886554600821, 25.05654411242091], [78.63174304330687, 24.957068987543778], [78.67522633442786, 24.897580525820672], [78.77135925662446, 24.85659623662707], [78.78737777586372, 24.810247746836126], [78.75866472429766, 24.597891678358337], [78.8885386385474, 24.63514310656916], [78.97317439748053, 24.49253885528401], [78.90933671811513, 24.47394608964038], [78.98874878562799, 24.442879040135665], [78.97481753799906, 24.352651655549494], [78.88019612615034, 24.214721868019865], [78.79810428758287, 24.17602322199417], [78.77285321850127, 24.246298290833522], [78.67546019143475, 24.240703493271667], [78.52087596775175, 24.386075705829228], [78.41305792038679, 24.27258519545046], [78.3474623739894, 24.303344594977148], [78.33265209391908, 24.333979163207857], [78.36497991918799, 24.38266299360231], [78.2729659782973, 24.442784780393367], [78.22264488984985, 24.526981175540868], [78.26148565124186, 24.547630071070955], [78.2742674043173, 24.66484197427775], [78.16964971316378, 24.866086480906404], [78.33414410156911, 24.99460045474723], [78.33934593676565, 25.088213711293804], [78.4497320755749, 25.123744368607788], [78.42771686793918, 25.152595154043183], [78.45080630676568, 25.16750922846819], [78.39218045136681, 25.190087469261357], [78.35203462349915, 25.292792171121846], [78.31490004240311, 25.305828147251248], [78.33818288942888, 25.331552992676507], [78.30664419407435, 25.378556184420404], [78.35460972965535, 25.449602171902768], [78.42868564552617, 25.4744719239402], [78.41581534070548, 25.527636385410915], [78.4407295579228, 25.55995550704108], [78.61157416991205, 25.582013565573618], [78.65600250820927, 25.56038428041029], [78.81275259075949, 25.619301106960563], [78.81894322245182, 25.66919069439507], [78.7544432220771, 25.743743991991664], [78.82824237428622, 25.794047566142297], [78.82358878469472, 25.82576474814465], [78.8710844155134, 25.796729196095555], [78.8544446841749, 25.855110037498264], [78.9380626857444, 25.946158867337886], [78.95238050515627, 26.031493623432027], [79.01128568638535, 26.07631662381317], [78.9525386986021, 26.132003715099415], [79.0089227734673, 26.14946525591688], [78.98399476244839, 26.18726291884866], [79.02888870944645, 26.203035850324284], [78.99256774050889, 26.23745496627373], [79.04887017851598, 26.223733071823858], [79.06627094854548, 26.27823652489576], [79.1350370062529, 26.310468820579672], [79.12510241504447, 26.347988991398893], [79.08525175006827, 26.357087997313272], [79.09535542191526, 26.412196614082518], [79.13534957192525, 26.439178616400056], [79.05700265424917, 26.45040243072765], [79.06954629832308, 26.497627282872884], [78.98824144208896, 26.568366067340207], [79.01434821339939, 26.60474764159045], [79.00193284052824, 26.678819918804265], [78.95660194892088, 26.6568783296712], [78.95687617109849, 26.69097742906513], [78.87362801572039, 26.69889374285202], [78.8201089173927, 26.759680474874074], [78.72405890189685, 26.79438878401521], [78.57439409301304, 26.75188024467758], [78.39408949353538, 26.822116802748326], [78.37101942430706, 26.86549756486079], [78.29053547553184, 26.85826611538897], [78.2640113738259, 26.814475668917055], [78.21816665366816, 26.83028283128766], [78.19858413285152, 26.877645394819183], [78.27075451750704, 26.917668668474334], [78.22441614868637, 26.948107209680018], [78.12333866934415, 26.94902928007724], [78.11112535345234, 26.904104312763877], [78.05057123377549, 26.909621407102293], [78.04367610107124, 26.868768323599284], [78.02235427702834, 26.902589334630136], [77.91778440732458, 26.90848818128461], [77.89828491911379, 26.88369356400682], [77.76148261702923, 26.931991478224177], [77.72383338899976, 26.875617602570344], [77.61636332890458, 26.828834602634856], [77.52843956223609, 26.81636741622333], [77.50573075606957, 26.842311718710903], [77.48797427089596, 26.74826916628905], [77.43619408279073, 26.764513551159496], [77.43017800411167, 26.861415249814], [77.74449090273305, 26.982480579814933], [77.75346947683494, 27.007610934696913], [77.74374658423756, 27.02799126658374], [77.71170179630093, 26.99457464920073], [77.67894052208749, 27.043173367756765], [77.63548872072795, 27.009798022960467], [77.56871638895024, 27.029961949184667], [77.57379202588135, 27.072319730671097], [77.52236597910672, 27.064747831147542], [77.51039880046432, 27.093539792827244], [77.59160417908964, 27.11497179101542], [77.61339301297721, 27.162753975515614], [77.6813648416142, 27.1946075451022], [77.60009154349001, 27.29482901284871], [77.62482632887202, 27.332567086701715], [77.58299454196458, 27.32100442491435], [77.44030057521144, 27.393506198951968], [77.43809014864149, 27.456385723522374], [77.34875118362027, 27.519150393875634], [77.35870939192495, 27.587782130640846], [77.31980501249137, 27.60608615095515], [77.35101098836645, 27.647407879270247], [77.34268791931208, 27.702310420889262], [77.3050869920711, 27.724240831449265], [77.29776589907704, 27.823568309230154], [77.4214222478385, 27.853421361206927], [77.42011810766462, 27.889379456396853], [77.46758348439033, 27.87962887996889], [77.47791899876285, 27.927237046552534], [77.5453867942652, 27.94359479276551], [77.47827888226465, 28.080338296275386], [77.50844306459584, 28.15733796117803], [77.55197655497409, 28.175966459584515], [77.50167931115135, 28.17943452328467], [77.49871852893699, 28.206331428152964], [77.52873293277867, 28.196106055550047], [77.54847806990705, 28.24872622303684], [77.47694908892936, 28.264080111807743], [77.50552591658783, 28.30138832321262], [77.47567479095892, 28.328319987777263], [77.50404127978129, 28.352625558222996], [77.48443435226358, 28.407891586027915], [77.30514136777998, 28.555732228059924], [77.3462527941312, 28.603392151526634], [77.33370385305045, 28.71041555073714], [77.29509038271505, 28.707033041341845], [77.20468972215303, 28.796959832929986], [77.22763916531528, 28.829950566465527], [77.188651371064, 28.874749610706033], [77.23193440115176, 28.902813601766354], [77.20126092824927, 28.941582944397396], [77.22478510924543, 29.00067977115458], [77.1350521215582, 29.096319482658032], [77.16524044259239, 29.31181629398685], [77.13109638878734, 29.34474020339769], [77.15062265341277, 29.43707469773915], [77.09623613828722, 29.528647738802135], [77.12111076554947, 29.54804182736848], [77.09708158194951, 29.59589522198695], [77.14100471259746, 29.653673862059122], [77.13006713539005, 29.77071269343611], [77.16420655318996, 29.788414286690056], [77.20119962596203, 29.91720782917804], [77.28274776949405, 30.043509494167893], [77.42110337162336, 30.097621208851763], [77.43619378331653, 30.16357802640482], [77.48598645800871, 30.183660313972382], [77.58333782398142, 30.306287634167006]]]}}, {"type": "Feature", "properties": {"ST_NM": "Andaman & Nicobar Island", "ST_ID": "IN-AN", "ID": "AN"}, "geometry": {"type": "Polygon", "coordinates": [[[93.88733871780767, 6.798418523296277], [93.85410266360708, 6.815878420153012], [93.83509814426401, 6.757034477359298], [93.80704413567838, 6.763850129779712], [93.74676860258899, 6.961872622723433], [93.6647124572142, 7.043010733858353], [93.6740330021214, 7.175626864488265], [93.80169486382698, 7.203141110773686], [93.82119020796176, 7.237448947311123], [93.88260671902492, 7.203706274425087], [93.88722430156031, 7.087056626462186], [93.94653764010008, 7.00842844851411], [93.91654440809799, 7.006123189333778], [93.94251566236801, 6.951997039631749], [93.90105844129408, 6.9079270595862], [93.88733871780767, 6.798418523296277]]]}}, {"type": "Feature", "properties": {"ST_NM": "Andaman & Nicobar Island", "ST_ID": "IN-AN", "ID": "AN"}, "geometry": {"type": "Polygon", "coordinates": [[[93.45517505558439, 8.175179630535581], [93.49710256453176, 8.224033871665881], [93.54497679284475, 8.220146106957316], [93.50689341979557, 8.141218853167572], [93.54729701854262, 8.047054423722727], [93.50829893694646, 8.034179523366333], [93.50659570013153, 8.001705756115825], [93.48578724868264, 8.044465529160902], [93.52427499289666, 8.08362398775688], [93.48553958528368, 8.052043794985195], [93.45517505558439, 8.175179630535581]]]}}, {"type": "Feature", "properties": {"ST_NM": "Andaman & Nicobar Island", "ST_ID": "IN-AN", "ID": "AN"}, "geometry": {"type": "Polygon", "coordinates": [[[92.3858565346514, 10.531859513006168], [92.4208564444694, 10.61563488873918], [92.38271244092647, 10.667565965996573], [92.37811532066559, 10.784733171998312], [92.51840403711668, 10.897494223379738], [92.58709334757998, 10.78762739179075], [92.59717191125475, 10.68095178199917], [92.53992792173625, 10.614654124987908], [92.56824630402377, 10.576215297597969], [92.51323135074631, 10.511843500976852], [92.43429200107505, 10.548187753362186], [92.3858565346514, 10.531859513006168]]]}}, {"type": "Feature", "properties": {"ST_NM": "Andaman & Nicobar Island", "ST_ID": "IN-AN", "ID": "AN"}, "geometry": {"type": "Polygon", "coordinates": [[[92.76476883661257, 11.940363275544769], [92.78627634367837, 11.866836214120042], [92.75475159141286, 11.71820158583455], [92.6653986149542, 11.64534879561046], [92.71960322690745, 11.653206443022952], [92.7204730952572, 11.684888130582806], [92.75685402739151, 11.664906499635322], [92.7119561746378, 11.488603680915219], [92.64762974431733, 11.521547390699595], [92.64705139120878, 11.572468232522965], [92.62096247413893, 11.561502272711778], [92.60861602441008, 11.62097321923875], [92.6452682010667, 11.632833468489821], [92.60823996660122, 11.6374954442594], [92.59542123340327, 11.711041994892184], [92.56215725795113, 11.694015167466034], [92.54902808238018, 11.817107380501284], [92.51362352620481, 11.84951023440982], [92.56250603212771, 11.946867070059284], [92.61076609298084, 11.871208475091123], [92.6254445863986, 12.10715282014661], [92.69742646865666, 12.239906732309919], [92.70548399309189, 12.179883091231716], [92.7579074977329, 12.177314164317295], [92.73624577042602, 12.083719454489255], [92.7769038062657, 12.02443846366424], [92.74701528143015, 12.036325656603822], [92.76347025604753, 11.999189103294555], [92.71928793179268, 11.962710512879937], [92.7315233530204, 11.87281977241463], [92.76476883661257, 11.940363275544769]]]}}, {"type": "Feature", "properties": {"ST_NM": "Andaman & Nicobar Island", "ST_ID": "IN-AN", "ID": "AN"}, "geometry": {"type": "Polygon", "coordinates": [[[92.76863452656221, 12.229094935183184], [92.74211767429131, 12.245724766784633], [92.7694844245666, 12.309705709051286], [92.88714293919537, 12.285620544452627], [92.85941959064166, 12.247478517619527], [92.88028766624285, 12.194500303046595], [92.84694083984795, 12.198010088994465], [92.84713662495534, 12.160308659816849], [92.82489488798876, 12.167820725646038], [92.76264797442457, 12.06512281456628], [92.7394631831794, 12.099248145385673], [92.76863452656221, 12.229094935183184]]]}}, {"type": "Feature", "properties": {"ST_NM": "Andaman & Nicobar Island", "ST_ID": "IN-AN", "ID": "AN"}, "geometry": {"type": "Polygon", "coordinates": [[[92.92069733181648, 12.426634618992523], [92.82869375381375, 12.426111995971894], [92.8782719455939, 12.313891889499132], [92.71031861800986, 12.309808222771323], [92.70072102705382, 12.600256203461072], [92.74383228483214, 12.66676853853727], [92.7890810476523, 12.675052717309086], [92.72956392543489, 12.697538657083385], [92.72364242216014, 12.82726409775995], [92.80351240017717, 12.897436745509424], [92.84431881695991, 12.875154401454495], [92.8989788321075, 12.915877368345946], [92.96854479270809, 12.740039551284326], [92.97555816197968, 12.541557037127632], [92.92069733181648, 12.426634618992523]]]}}, {"type": "Feature", "properties": {"ST_NM": "Andaman & Nicobar Island", "ST_ID": "IN-AN", "ID": "AN"}, "geometry": {"type": "Polygon", "coordinates": [[[93.04719144542895, 13.27912807130349], [93.01962973742252, 13.050662477591345], [92.95461098380991, 13.019118735241477], [92.925994380936, 13.061814737360294], [92.9033849363658, 13.019801728067364], [92.93850700379522, 12.972391797243688], [92.8833777322966, 12.98372808977956], [92.85389416948038, 12.926279507193556], [92.87232590161915, 12.88268061811607], [92.8019065293629, 12.89987464300043], [92.79485738595963, 12.987303740275422], [92.82169135717044, 13.01169620501588], [92.78830883668354, 13.017223391546338], [92.81031992092767, 13.12716749108688], [92.84464191009613, 13.141673414496552], [92.81404644438794, 13.152962394598887], [92.85411306806373, 13.258415564926452], [92.82263420910152, 13.2768049075205], [92.84727519519419, 13.411018765603615], [92.88389550707205, 13.429558706868875], [92.87205008944011, 13.472014327399336], [92.92977676668448, 13.502407053542754], [92.91729732701009, 13.535615336678518], [92.99028145062852, 13.528721438743446], [92.9867292823306, 13.569546596498299], [93.01357772183445, 13.547969632092872], [93.03018817754241, 13.571134792936391], [93.03317574336592, 13.426030263585858], [93.09004732632309, 13.336012140447963], [93.06991687736206, 13.306985608599007], [93.04011899069894, 13.350926151021099], [92.97962683880763, 13.335282565438092], [92.96660335785873, 13.361217705632669], [92.95286147417772, 13.332524754813619], [93.04719144542895, 13.27912807130349]]]}}, {"type": "Feature", "properties": {"ST_NM": "Andhra Pradesh", "ST_ID": "IN-AP", "ID": "AP"}, "geometry": {"type": "Polygon", "coordinates": [[[84.7685819052308, 19.08002272866605], [84.43685830446725, 18.650173838651767], [84.27429787664573, 18.51873658792323], [84.34906552315545, 18.548375658809675], [84.13494868463414, 18.349927906148025], [83.99630982393927, 18.35955429519464], [84.05859717911659, 18.32519406595344], [84.11183369247101, 18.340610111367596], [84.11836499724689, 18.30100497210185], [83.55737856906575, 18.012448907790883], [83.55425632706789, 17.962562681122904], [83.44555907279306, 17.91950144633472], [83.45342420706157, 17.880153325215815], [83.34636914541977, 17.721393662587502], [83.24134713885945, 17.625321767485616], [83.19815682257934, 17.63806475618361], [83.23233812270627, 17.608231254568807], [83.21726737019304, 17.589828485995895], [82.56019764980175, 17.256106810181222], [82.30114490101641, 17.02418018366859], [82.25128436078467, 16.887114203957424], [82.3648599515256, 16.826269655420333], [82.35116535779508, 16.972734052334715], [82.37546057074877, 16.879474665523446], [82.35117344180094, 16.72353134589497], [82.32022276816627, 16.7245996955196], [82.33992785218868, 16.68863875037806], [82.36787279819112, 16.701766406094805], [82.27012707050795, 16.56387460862635], [82.3132329359513, 16.554776275404834], [82.15928868062815, 16.493959887338974], [82.18019115619694, 16.561080308009878], [82.13820162820264, 16.48455830811946], [81.72579347768692, 16.307442917756475], [81.72480648972777, 16.35571893707936], [81.70875389787415, 16.30276000666902], [81.5728195548786, 16.34803376794406], [81.55682010216606, 16.384790179623167], [81.52863424217657, 16.350757948420608], [81.40462529801914, 16.336781856097844], [81.4085577257585, 16.38138698492145], [81.31197510027073, 16.359189608813438], [81.24562900217677, 16.301419236208858], [81.26604855619598, 16.267493469448084], [81.2115459646746, 16.204866597715352], [81.15285244158696, 15.974766278441052], [81.10361620352501, 15.999083369202197], [81.13972421480071, 15.961205302382837], [80.99603808269143, 15.824328476178266], [81.00714198951124, 15.762524543472978], [80.93999437963697, 15.807177021602342], [80.98902723691748, 15.765283605054378], [80.93791289966066, 15.729297302628481], [80.87153446734186, 15.820441022635123], [80.91501851389336, 15.727257868655784], [80.83874488426903, 15.706641528583702], [80.80391797343577, 15.719917101193289], [80.8077412918272, 15.835502235140098], [80.75587284425643, 15.880164577932987], [80.51243414282152, 15.858019604421258], [80.27745331341976, 15.682073124974806], [80.22348285974624, 15.547127079351299], [80.17548848110857, 15.573256469510511], [80.13565615510754, 15.558503514925349], [80.185550313796, 15.55970013035676], [80.2101468742789, 15.495086425098464], [80.0999276874129, 15.325929148111754], [80.04566706028663, 15.049600531639271], [80.07681492916572, 14.809042804781654], [80.18191970572991, 14.595837440845287], [80.0934592236643, 14.534388302378318], [80.1946461226205, 14.563918059770685], [80.12887371105296, 14.149051434376247], [80.14406892524079, 14.017501331321455], [80.24946577552515, 13.788387038630958], [80.23675674252968, 13.655791516865065], [80.269692968156, 13.563152697339149], [80.24180669752116, 13.467971637381197], [80.14692242373093, 13.503605629496235], [80.08046588709107, 13.491108165609432], [80.08526886396697, 13.546956761645276], [80.00212545712418, 13.53964147557366], [80.04859967123787, 13.497518647367713], [79.98595945176731, 13.480450547354906], [79.9381989688074, 13.348961321208037], [79.73385131548588, 13.284914086316064], [79.79598244223598, 13.241030412523571], [79.75710669901503, 13.207746625006791], [79.70206719694363, 13.223942915932867], [79.6810195123407, 13.294477708079796], [79.5777833992845, 13.261766731149748], [79.54805862210776, 13.323295039634445], [79.4294289637757, 13.33391683789182], [79.38667823071586, 13.31492465814648], [79.43394546071448, 13.298678046554642], [79.42312485742627, 13.224245410097637], [79.45781585821533, 13.228940873922227], [79.43292816200511, 13.196596612643589], [79.36004400252875, 13.17504052599952], [79.36243421526689, 13.137524119742409], [79.32026522216233, 13.10892806277991], [79.25938808579156, 13.1598997288894], [79.22680178187682, 13.139429303819384], [79.16497560713862, 13.019080774857912], [79.08118017652396, 13.025744383396614], [78.99360755554432, 13.087536294864151], [78.92615727254014, 13.078959238378218], [78.90525269615506, 13.046277771801783], [78.93932997619748, 13.03474108962962], [78.89373250125396, 13.03095570374279], [78.89521928384295, 13.093100318524932], [78.71386947609551, 13.066906137608214], [78.70525062811407, 13.015180362983415], [78.66250047241891, 13.02861371625005], [78.63190334836088, 12.993180352990919], [78.65827577940377, 12.929807014282346], [78.56402419755875, 12.707910781957082], [78.53613161997833, 12.690472915792498], [78.5059383886458, 12.741035645778481], [78.49123223028323, 12.740651057900038], [78.52071547384008, 12.715618412559763], [78.46933013757587, 12.672908025784807], [78.47135701701279, 12.628113595965715], [78.37990896282844, 12.622343222861502], [78.27562732853846, 12.702045917085456], [78.20052500382593, 12.693605325525425], [78.23995665847309, 12.730295277305231], [78.2519743826117, 12.857411662418315], [78.31410571890387, 12.857328527289724], [78.35638346792274, 12.938195959575921], [78.46823515992475, 12.876494627824854], [78.41214294114388, 12.94300630909396], [78.43367637836224, 12.978856183466121], [78.46903096190943, 12.973570821935937], [78.4625562271882, 13.041777514820524], [78.5156334598164, 13.063097828002412], [78.51970887616375, 13.12985824736029], [78.58007119293126, 13.16683279409824], [78.58829522414533, 13.272301167464946], [78.57084753108876, 13.303520419132099], [78.53153449432153, 13.265730501161727], [78.4769359397419, 13.320065682085612], [78.37732504781275, 13.32978709260027], [78.40772912879629, 13.342120655943575], [78.36539172864542, 13.36474417580314], [78.40070409441847, 13.587593179581631], [78.23727743150829, 13.596366808981088], [78.1985574247854, 13.565492596606077], [78.20340599818832, 13.62520973074453], [78.16834783298617, 13.6541162219861], [78.08992243597169, 13.644139096442188], [78.07312219453371, 13.696895431179257], [78.11454637001901, 13.693198273281723], [78.09395500951615, 13.742193415693635], [78.12727887531992, 13.785616731926666], [78.1149454369824, 13.862142508969669], [78.04984970949653, 13.895154234480401], [78.04658126561299, 13.861318887356788], [77.99378302156924, 13.870026151285913], [77.95672939474582, 13.83313387093142], [77.98706915261937, 13.95589400300588], [77.92000883454011, 13.905418190696992], [77.89528394439856, 13.939266417011595], [77.8223351092779, 13.938951062541548], [77.83597135229616, 13.868679626963285], [77.72092956444789, 13.798444128293909], [77.71032961611894, 13.738958167585395], [77.65702154550797, 13.78366320029653], [77.62222418999443, 13.768080211932272], [77.6447110093057, 13.743081664387375], [77.56385893294345, 13.724170977608594], [77.52730512952814, 13.751463655223574], [77.52926027903868, 13.695553360299414], [77.49495238314603, 13.71438703543339], [77.4573005048145, 13.683351115061953], [77.46297874057649, 13.8072477968484], [77.41591594176737, 13.806602518891168], [77.43177066208642, 13.84247648430238], [77.2571943465419, 13.846502881302968], [77.24674938107916, 13.901039213588888], [77.18163538476523, 13.868279341418543], [77.18345347220003, 13.924225946470301], [77.16895946750549, 13.863840080955015], [77.13165510340036, 13.849821833810608], [77.16440306045291, 13.832347000113998], [77.17322236911707, 13.76163280670869], [77.06637145178115, 13.74565308781979], [77.02604730543885, 13.776554125172765], [77.01762466074956, 13.739434905396593], [76.9987329919341, 13.749223947627115], [76.97479538000283, 13.816813508636585], [77.04184539634804, 13.932174890358965], [76.9366454274446, 14.029034176086384], [76.98062902850694, 14.071603767699742], [76.92779630265727, 14.135222861445925], [76.8889351014738, 14.137144490525884], [76.89667266421213, 14.165096122088414], [76.94700256781431, 14.195456069741851], [77.0254420518093, 14.17899317299657], [77.0294884569268, 14.05968739535706], [77.12718775710937, 14.048776452471373], [77.16068516328971, 13.997314498465357], [77.32016207751792, 14.031769143930887], [77.36060853795374, 13.98938002916509], [77.35527660772931, 13.90367873638462], [77.40417233278697, 13.88778405019383], [77.43770329627017, 13.975990202186154], [77.38258677535947, 13.976227089009], [77.39025715424435, 14.014449914531951], [77.3329035283752, 14.029908740695873], [77.40222978097967, 14.110442108116843], [77.35435716155382, 14.131237522094011], [77.39638856647923, 14.172188190132943], [77.50743943288359, 14.158092852203424], [77.517335459364, 14.179149083963125], [77.50308030651098, 14.278741020881455], [77.45028438091953, 14.284437549753193], [77.44896690739694, 14.31660255456427], [77.40134973410301, 14.33590584308024], [77.38146198698115, 14.301942738266803], [77.42157171246464, 14.210149503596767], [77.3978719037654, 14.197785178043603], [77.36570283222, 14.276089876146898], [77.28582021063426, 14.282700454362555], [77.28730108287874, 14.337669862374298], [77.13764444163775, 14.336903855828325], [77.10100219259715, 14.215860241756786], [77.05523054145635, 14.245811081516251], [76.94311127416603, 14.246195425678422], [76.95535379644059, 14.300087916224413], [76.90401830869803, 14.32518500068727], [76.88804297580276, 14.396141266406346], [76.94665222881736, 14.40546335455025], [76.9784760596225, 14.484176175789912], [76.8749732283319, 14.474191205459817], [76.76519029809384, 14.601729112708426], [76.80228856726364, 14.73994794414233], [76.78446667080027, 14.784537617217325], [76.85120146307713, 14.807667536327813], [76.86967915416966, 14.942834464439045], [76.86862611999948, 14.969222729845171], [76.76762021500099, 14.974923217532535], [76.77633757292074, 15.070083056188139], [76.80076760504102, 15.095711467310423], [76.88083336726612, 15.033833525796638], [77.05150878440293, 15.034604011865724], [77.04565246219141, 15.010898657946768], [77.08356988154486, 15.005492378070869], [77.15886920904683, 15.125968426401812], [77.16291413567888, 15.199192535906832], [77.12553735546464, 15.226517770778571], [77.16997873752877, 15.256281376184631], [77.11417339258804, 15.332422217311546], [77.06593832749189, 15.326942357603798], [77.03154401484448, 15.440077027832615], [76.97431948305774, 15.495670368392837], [77.03068505527114, 15.504809601881675], [77.03106596672103, 15.634021775184806], [77.08553216897445, 15.657553154354616], [77.12040982945013, 15.629902013267326], [77.12918298310825, 15.663814003313632], [77.05101883734955, 15.729584904919477], [77.06777820729849, 15.82764180252724], [77.02603620510683, 15.836192202208395], [77.08062729711213, 15.914131942834956], [77.25317352353932, 15.962304868375043], [77.80488927961665, 15.870793510911824], [77.89355423873718, 15.90148305200131], [78.00803887139688, 15.865011764081714], [78.03497227794833, 15.908453773622796], [78.11600697963848, 15.833175518135704], [78.24946435859334, 15.943102800353984], [78.2579060931917, 16.03161532079048], [78.41243491593866, 16.087044634002723], [78.566214650186, 16.0627366929441], [78.62416119368419, 16.10530404794349], [78.72104797528391, 16.03332408843596], [78.78255107936889, 16.030374481197384], [78.84404702664904, 16.094145918299546], [78.83958866728324, 16.158428886184197], [78.91811096355019, 16.112081427915598], [78.93306686274559, 16.20907462269571], [79.0278154693085, 16.251089330808043], [79.21548389216792, 16.23780928946718], [79.23300240233908, 16.514937339386734], [79.27384279371, 16.568170900266864], [79.43452350355687, 16.589430779007273], [79.78312142651271, 16.73674109082873], [79.81856145015087, 16.69783192070662], [79.87019162684214, 16.7056337615889], [79.91052851747713, 16.645427188513963], [79.96665492938155, 16.649711172932314], [80.07812986300286, 16.82115237987847], [80.00001661617398, 16.870579053880306], [80.01786327546984, 16.914541305037233], [80.05417132114962, 16.972537853539166], [80.14223519859559, 16.99270442556883], [80.19047938731393, 17.05224481504621], [80.20966733328089, 17.020537621813844], [80.2706459608425, 17.018122841396064], [80.38167463827398, 16.81912742948731], [80.4084305807068, 16.8577457174909], [80.4983990558718, 16.784144667042824], [80.60645369778001, 16.793519709966688], [80.56345065812144, 16.833080061195915], [80.59296133819527, 16.934673930357633], [80.50000341042909, 16.95614857169926], [80.48558834732444, 16.929157652603635], [80.36900460707699, 16.978223941281897], [80.39726961729906, 17.021750064413993], [80.37550563797487, 17.06414171706666], [80.40360934939201, 17.085149628252793], [80.4548544930405, 17.02479401503183], [80.50514270677058, 17.108990741129844], [80.56877597742948, 17.145756753971057], [80.65495191260072, 17.10241517352148], [80.64265003866842, 17.066868884191706], [80.7345019352162, 17.072725719016773], [80.84135671424104, 17.034061067364405], [80.87910216343414, 17.15449908786269], [80.92212595854619, 17.154200440098293], [80.9141234051711, 17.209421884912103], [80.99398158678088, 17.18769509705112], [81.17165870538503, 17.24105229582682], [81.19035496860698, 17.330549054095627], [81.27602385161953, 17.32846014841715], [81.33915803451572, 17.400510537431387], [81.42452039440076, 17.370225742524042], [81.50225396095158, 17.457367574753846], [81.53263521624228, 17.580956172189644], [81.51165908709726, 17.598162623906035], [81.58161460163262, 17.72679827422104], [81.79097232950943, 17.84015486205726], [81.7668590583989, 17.90140653818122], [81.80958819873644, 17.944102024988524], [81.96031194673901, 18.000219543497167], [82.03316277913899, 18.065971632185153], [82.1722753972918, 18.04993386385678], [82.25028333171042, 17.98829772306152], [82.27582656444446, 17.994997948396644], [82.27547422805321, 18.056706908197327], [82.34486748734474, 18.05579042079131], [82.34184918089505, 18.150715636217683], [82.37363208085588, 18.14804547172122], [82.31453406249705, 18.20384563386898], [82.40138430574115, 18.314514924224397], [82.34280100895944, 18.32510809166513], [82.39275956450234, 18.380349497831105], [82.36959504307686, 18.41773879930622], [82.48223879318579, 18.544550206327017], [82.5313758459186, 18.51177796578054], [82.53843567956301, 18.44230342935981], [82.56204604798677, 18.445666016073858], [82.54347394066986, 18.39765400173087], [82.61698417667844, 18.35948638378966], [82.58479406999038, 18.315120544777358], [82.64004922589112, 18.23707562484026], [82.67328572345741, 18.299081306057474], [82.7753766020486, 18.339581022546213], [82.807420372852, 18.447719365256546], [82.89286703158831, 18.421232842621635], [82.91103554115733, 18.36452217535816], [83.06443696479414, 18.386012420836607], [83.0664709830495, 18.437709744509164], [83.0246433105404, 18.456240599923774], [83.09664175381397, 18.541230146753946], [83.04061564689465, 18.55626827815854], [83.05776440170581, 18.622148436601094], [83.07902438926419, 18.61019677935792], [83.09213590754615, 18.66399548500368], [83.21479024247577, 18.72572017664487], [83.23068939200192, 18.77407973129459], [83.27407317583646, 18.7652246008347], [83.41920075031442, 18.867512189036347], [83.35553730560224, 18.928956839886325], [83.38808856023894, 18.931288959118206], [83.36891815195122, 18.96131935380521], [83.34921548260849, 18.926370788980762], [83.32674106045164, 18.936359772085837], [83.31567736321978, 18.998742416729215], [83.34280172731792, 19.01450046442494], [83.4166521013135, 19.0040734080614], [83.46328671131272, 18.95363287345839], [83.46716050325466, 19.07745973727708], [83.51314398430748, 19.072618192975256], [83.50317459742979, 19.01903803697587], [83.53914737675012, 19.013416899170636], [83.55415751765537, 19.081705391690548], [83.58649559609495, 19.05774882294986], [83.63784706119299, 19.152604916483767], [83.75353425919877, 18.926566570490877], [83.78776625860598, 18.91618878528425], [83.74875809471035, 18.992131860097288], [83.7959638965167, 19.01607069330788], [83.87788537021373, 18.827157373114346], [84.03469132044813, 18.81111536897913], [84.09927074894597, 18.754337010644576], [84.33968475244944, 18.80124422134378], [84.34184110548267, 18.872927552964256], [84.3698303547871, 18.86018928121041], [84.36215453050721, 18.891981146512762], [84.39061452274211, 18.878379967161777], [84.43672899994345, 18.92272947178776], [84.43711018118995, 19.01004152229848], [84.4789351341492, 18.99016778391615], [84.56691733246896, 19.068411766989527], [84.59487689605197, 19.02196055393648], [84.61987816674406, 19.063738334756408], [84.6616528511982, 19.061258418241437], [84.60178690624076, 19.132302931734955], [84.70914228029204, 19.159931127519542], [84.704635394408, 19.117670746208034], [84.7685819052308, 19.08002272866605]], [[82.31235859707164, 16.734027504365883], [82.18864143705275, 16.727316899955042], [82.26301940642054, 16.70090334561297], [82.31235859707164, 16.734027504365883]]]}}, {"type": "Feature", "properties": {"ST_NM": "Bihar", "ST_ID": "IN-BR", "ID": "BR"}, "geometry": {"type": "Polygon", "coordinates": [[[83.83946671101995, 27.324153684345106], [83.88632107665643, 27.376036016548994], [83.84529956812065, 27.441735366294154], [84.02571082539436, 27.43532187990087], [84.1171657198222, 27.520928140421404], [84.25514579564202, 27.449692135183966], [84.294207367576, 27.38456451683902], [84.62617408566558, 27.336507740539844], [84.69144129767778, 27.22332089074655], [84.64616988273394, 27.04666995255633], [84.76322238020873, 27.00015301345087], [84.82899636289187, 27.020818827926632], [84.96164977221929, 26.962806894722462], [84.97146328050604, 26.920187789135184], [85.0537183828971, 26.888972518766764], [85.02730429435775, 26.855855971875656], [85.1956234751433, 26.86896513932976], [85.17926412094249, 26.814631888351016], [85.217412432238, 26.758067973358322], [85.3367916161402, 26.741405105161505], [85.63715671960699, 26.872288541682906], [85.72637774303848, 26.816681213966888], [85.74229615604281, 26.64485978625021], [85.85214527728277, 26.60834829953444], [85.85827956734823, 26.569540281558773], [85.95675445545379, 26.64972125503192], [86.03018430196403, 26.666406787942947], [86.22167179122027, 26.589826567741966], [86.34561579263476, 26.61653384516086], [86.73509807481634, 26.424430751078376], [86.77283409191989, 26.45833901073678], [86.84285161560962, 26.43987710994071], [86.89676791930407, 26.461556213048823], [86.89638386382433, 26.48673886800441], [87.07237240366356, 26.58645639614582], [87.09245604111345, 26.452109790934173], [87.15750990515807, 26.405733421260436], [87.26555894518924, 26.40812616289213], [87.26675812368853, 26.373735587827184], [87.3411636941492, 26.34830960330561], [87.36509074803968, 26.40294821818577], [87.46288174040006, 26.43967867363193], [87.60936629921537, 26.381041376158635], [87.67912896672851, 26.43552653432215], [87.76660419472785, 26.409010612849556], [87.79583588621722, 26.468369447192288], [87.85052439368587, 26.435627154969268], [87.90186830987466, 26.477164638737122], [87.90067526744969, 26.448848498459483], [88.0311851327877, 26.355448584484634], [88.09838769573565, 26.434481235220858], [88.1122342937777, 26.538856347742296], [88.15208770618273, 26.51081176045443], [88.23786905391376, 26.55181770802085], [88.18585702418238, 26.493834087273342], [88.2744011458962, 26.421656795824504], [88.23572490558001, 26.38977119778258], [88.2955124098699, 26.351084649437098], [88.08118968055936, 26.18126197935692], [88.00549839073818, 26.140378353977894], [87.9759687880292, 26.15437694464032], [87.9662277381197, 26.08404272019544], [87.91934535230621, 26.090965382046818], [87.84853478934912, 26.044475377636616], [87.83624915807223, 25.935509380753388], [87.80991072589933, 25.920784550666554], [87.82909499094114, 25.871572640165255], [87.91707635019344, 25.85188615142482], [87.90383739617897, 25.772003483074343], [88.05669547731446, 25.686065235122555], [88.02775677685383, 25.583267231297725], [88.07379420014229, 25.497210514753476], [88.03693061715433, 25.48640566848684], [87.92995794959972, 25.53601054045413], [87.88508697578334, 25.516328752469974], [87.86930412118829, 25.465782793940832], [87.7717457007036, 25.42469378499021], [87.79720362015098, 25.32282268002274], [87.8621860735285, 25.278313948629886], [87.83527129643323, 25.204649467199204], [87.78901572729404, 25.246738330709434], [87.71356613207138, 25.256937860393975], [87.68998617781989, 25.310604005070843], [87.61278938422276, 25.311844010992388], [87.5854579898944, 25.344353519999004], [87.54568703902567, 25.282093067141375], [87.48750945879453, 25.29561476890649], [87.47809201733281, 25.195194774019683], [87.32955220097335, 25.223549447549033], [87.29712493676647, 25.089835885018147], [87.2174194555435, 25.09014170937246], [87.15284539330031, 25.024892384875727], [87.16407208186115, 24.886348060014996], [87.08633515634244, 24.825113638283824], [87.05631950783908, 24.6077320943607], [86.93607526875871, 24.643710822696335], [86.91309091931055, 24.544362510321662], [86.81474664064501, 24.56469826371392], [86.79792422282469, 24.616170121953644], [86.67454324197712, 24.56151900200041], [86.60620032158761, 24.600298286636644], [86.51196764169339, 24.518554912878983], [86.45251437313988, 24.369439075353114], [86.28552150081669, 24.462814813752686], [86.31881016535692, 24.509253149413382], [86.31649152246587, 24.58225876592934], [86.13986336590165, 24.604120931435887], [86.13107910561627, 24.705635633277893], [86.0482841078254, 24.748284783416068], [86.05462332910344, 24.778642988183435], [85.95709379484282, 24.7324686044426], [85.8846721674866, 24.80052423820308], [85.7437418531041, 24.822778651113936], [85.70360211724397, 24.71369328361817], [85.65649847932144, 24.68725962942841], [85.67158873543184, 24.582279927876414], [85.58352872776862, 24.603279901646204], [85.52525792201556, 24.52487235977162], [85.50142907229389, 24.550900407128154], [85.28960666781353, 24.52686346507693], [85.28904717978355, 24.49741092527404], [85.16003995388081, 24.464302868882328], [85.1764836653889, 24.42968358183191], [85.09958743421276, 24.381738241426774], [85.07261924997846, 24.38695852261776], [85.08334230740161, 24.440006444541837], [84.95514523036815, 24.371907310573988], [84.91053086370846, 24.372407951465846], [84.8874636147541, 24.462779047714946], [84.84169782179708, 24.45247653126694], [84.83996284251123, 24.51136011887445], [84.80269903063584, 24.52932955001876], [84.68629436069625, 24.456180148994747], [84.66562137682513, 24.393636988855974], [84.57990616523739, 24.41215623222439], [84.52893995171746, 24.376079349182646], [84.50092983904091, 24.28694713470253], [84.30077128806454, 24.450379040660266], [84.33392430875989, 24.502234774515273], [84.30059761099102, 24.565403277339442], [84.26608768779658, 24.537117625877784], [84.19464448235703, 24.548651355575657], [84.18690615519495, 24.509808638158177], [84.15374547227577, 24.53962482152832], [84.11743341202242, 24.48077703503219], [84.05449994071972, 24.61146119527797], [84.00000000039978, 24.637124795073305], [83.93622961730307, 24.5470608235982], [83.875813640687, 24.532007008916366], [83.72450404282739, 24.503985464057962], [83.50606603831704, 24.525889651286434], [83.54684282423699, 24.62648076737355], [83.5054847165465, 24.650344464925183], [83.52116518962185, 24.677573876133522], [83.48785151943213, 24.736395586786955], [83.3948510897061, 24.782656157955387], [83.35209138321085, 25.008634315021652], [83.3278869514217, 25.013669486957326], [83.35796170337, 25.19690409744618], [83.68466350241874, 25.379745462283324], [83.77027391331052, 25.386027339190377], [83.84674204740764, 25.435019268324652], [83.81861559483389, 25.463996960691247], [83.85950416198756, 25.47182441516469], [83.92941870341048, 25.559794322450045], [84.08494250729092, 25.635652471584365], [84.10287912037518, 25.71844700172778], [84.17598690886882, 25.71987043517248], [84.20792093360427, 25.67053841211805], [84.29849999987516, 25.66109926731741], [84.32695081632716, 25.67022125450734], [84.33971580424105, 25.7427956775785], [84.38842186407783, 25.74694846799747], [84.41024832559981, 25.697814974781295], [84.4571092365021, 25.71283045136431], [84.49668935752788, 25.67625649234327], [84.5606017004082, 25.6824808674981], [84.56393159676583, 25.73481679975555], [84.63887354807582, 25.726807833314922], [84.60885629068531, 25.759055714249882], [84.62944844169226, 25.790765761031082], [84.53538687310578, 25.832627551120652], [84.53708357994333, 25.876004663784272], [84.43968293471971, 25.890840057422736], [84.35997703800996, 25.95738373926821], [84.30017388101987, 25.946291785337678], [84.18114568362648, 25.996669758602536], [84.02702281664972, 26.142757827911453], [84.01448721161557, 26.231618649481163], [84.16238500106698, 26.24292742006446], [84.18040643101205, 26.371551865726076], [84.07060384249337, 26.387560961868928], [84.0252549563512, 26.43937863731429], [83.91147102596716, 26.447545602947287], [83.91147700555939, 26.515330479618], [84.05699297834332, 26.54084361384173], [84.08972538611772, 26.638063870351402], [84.28143639287526, 26.59684777640382], [84.42360226693114, 26.6247595626038], [84.41148471714604, 26.668760172543955], [84.33493678170714, 26.68173719811324], [84.3073943506688, 26.75067199381749], [84.25163724895992, 26.728151384278988], [84.25512488460578, 26.856012257859447], [84.21873224239914, 26.868242944156577], [84.17842407161368, 26.831770475427163], [84.13159445442056, 26.889827840582427], [84.06159410148666, 26.88882050006606], [84.05057788126425, 27.04169702269951], [84.0008973745143, 27.06825135511599], [84.030535410281, 27.092450985424705], [83.95065980790389, 27.086531742146235], [83.98873029097018, 27.19732246076302], [83.91192919457671, 27.24891672482704], [83.91814911089278, 27.327132014131223], [83.83946671101995, 27.324153684345106]]]}}, {"type": "Feature", "properties": {"ST_NM": "Dadara & Nagar Havelli", "ST_ID": "IN-DN", "ID": "DN"}, "geometry": {"type": "Polygon", "coordinates": [[[72.96245338361683, 20.131283125515893], [72.91955831476446, 20.284471765959267], [73.03557615211776, 20.292753365475505], [73.10432463437445, 20.353002641958426], [73.10569676059708, 20.30425724307736], [73.15162869071156, 20.317344494053202], [73.1691450317179, 20.28660909023739], [73.06011176734427, 20.221763176429477], [73.0621387816795, 20.163797492660194], [73.10962243622652, 20.159342892460586], [73.13158357482217, 20.202093327844864], [73.20022220668955, 20.197484447149577], [73.20934714995104, 20.097655781689014], [73.17145909795909, 20.051850668573536], [73.08817538248798, 20.09399034288009], [73.03472427020898, 20.072177282155906], [73.00688603686115, 20.135380675977444], [72.96245338361683, 20.131283125515893]]]}}, {"type": "Feature", "properties": {"ST_NM": "Goa", "ST_ID": "IN-GA", "ID": "GA"}, "geometry": {"type": "Polygon", "coordinates": [[[74.16314815786126, 14.911879184476845], [74.04234372118583, 14.915120975152945], [74.04569108327695, 14.987086153403311], [73.9141944170388, 15.0896298091684], [73.95831183722157, 15.144364167672222], [73.87932811050393, 15.363354373905281], [73.84305159415578, 15.36015914832609], [73.78788682551664, 15.412532482488132], [73.91375924679187, 15.403464638082653], [73.93673043735987, 15.430705391540641], [73.80439563265236, 15.45545871195003], [73.83375533813842, 15.505103744941948], [73.7649155432178, 15.499807115805822], [73.73086886620524, 15.600703372762496], [73.7492871660699, 15.633656952606316], [73.73222321373038, 15.614751813745272], [73.67573430579364, 15.727968300696546], [73.82426486902853, 15.739837964950198], [73.85686625727203, 15.799589106052451], [73.87739517244933, 15.749341168460205], [73.93716281790978, 15.743612388101269], [73.99451117824833, 15.611228047836164], [74.16639864228358, 15.654229064020114], [74.18317635930157, 15.683146510802885], [74.20640408238256, 15.651218620343116], [74.23833988148039, 15.667822187244212], [74.26091733626612, 15.619280424552016], [74.2477171358372, 15.568087848075777], [74.28085007916786, 15.528294551752197], [74.24977673171088, 15.491824718036355], [74.33560189261328, 15.295391063646719], [74.25109192994864, 15.260075507079023], [74.31585171838213, 15.186585522004293], [74.27484632389877, 15.1043832664746], [74.29624375214752, 15.042455472841823], [74.20536209458504, 14.924045744615455], [74.16546842133062, 14.953602412421446], [74.16314815786126, 14.911879184476845]]]}}, {"type": "Feature", "properties": {"ST_NM": "Ladakh", "ST_ID": "IN-LA", "ID": "LA"}, "geometry": {"type": "Polygon", "coordinates": [[[76.79484051482719, 33.25306523438854], [76.753304, 33.321913], [76.686696, 33.33899], [76.664651, 33.428881], [76.581826, 33.515437], [76.397437, 33.668019], [76.249578, 33.608457], [76.210462, 33.786405], [76.0571, 33.986022], [75.943097, 33.987245], [75.793512, 34.103463], [75.741691, 34.198107], [75.631019, 34.222681], [75.433622, 34.350095], [75.39995, 34.422711], [75.40119923115805, 34.54535953603725], [75.22454384500014, 34.63862163200007], [75.2489383950001, 34.76230695300009], [75.1613985190001, 34.86196495300007], [74.97458821600009, 34.81294985700005], [74.86596435600012, 34.82850446300007], [74.6611189780001, 34.91811139700012], [74.48888142900012, 35.1200887320001], [74.2691532390001, 35.08678327200006], [74.12470114600012, 35.099201380000096], [74.1169436270468, 35.14640045631603], [74.03254664980813, 35.15003908813344], [73.91727302213235, 35.21221451818553], [73.79641130403849, 35.245537854288614], [73.7317244191467, 35.21730055487677], [73.70044836989643, 35.358376283338885], [73.7956395391335, 35.46197764075555], [73.78604238165065, 35.52433405936938], [73.63935277561018, 35.57081863007579], [73.40682763588677, 35.56401187105104], [73.27273466647176, 35.629756985496556], [73.13929740714968, 35.71857354063644], [73.15303416109771, 35.84255830292341], [73.07915729307467, 35.886261350580924], [72.92940957389277, 35.845540293849524], [72.90162953477528, 35.88166942390484], [72.83022605958502, 35.8873613986097], [72.77729009336315, 35.844024155590375], [72.6911415164679, 35.83287699677601], [72.53372479616246, 35.91744113460072], [72.59602537676977, 36.02734706871229], [72.5317302113802, 36.072412234037415], [72.59709731558871, 36.2642493698126], [72.68945000501378, 36.26682315486477], [72.77855060922332, 36.309881063060686], [72.88329913734538, 36.387344963399414], [72.87745053221636, 36.43810316732737], [72.99205247694033, 36.458105582506676], [73.00733424997571, 36.51609087239592], [73.11247233203255, 36.61009630350168], [73.08541951979504, 36.69972653015532], [73.31473586856555, 36.70642031634458], [73.43628469838018, 36.74455549034366], [73.70058044703006, 36.68486784317645], [73.72507774214415, 36.71000308767242], [73.90080940682873, 36.70671912598692], [73.86360160473032, 36.788243763938624], [73.72650647529366, 36.83269002662348], [73.69031770130096, 36.91212831926657], [73.87877128806457, 36.89440203782385], [74.05216328910456, 36.80657808511057], [74.14642766920161, 36.847093975007], [74.1735261885828, 36.90392970289355], [74.26137478811603, 36.88656608026042], [74.42937733469631, 36.98979688641725], [74.53372199077734, 36.986096675321335], [74.57869093493878, 36.948593748103065], [74.5818401925709, 37.04343982408864], [74.68505504565388, 37.074847615025476], [74.75254517671857, 37.011540210112685], [74.83386582684648, 37.02489137163957], [74.91405659123876, 36.909121598782804], [75.01874122792537, 36.97637072143169], [75.09596073390082, 36.94278998586918], [75.20896268038342, 37.03680643187141], [75.33288995530722, 37.055277319592676], [75.35466000685386, 36.97780944245187], [75.42793673299389, 36.95195491119023], [75.41418994800773, 36.89189161270781], [75.47899126083809, 36.80677204999017], [75.6164785702299, 36.761599598242924], [75.76936460679121, 36.57333113242589], [75.92336175843843, 36.502447732476924], [76.06922719158166, 36.477546382759385], [76.25476112752409, 36.347793680933705], [76.35240797205034, 36.35987386298842], [76.43200397160604, 36.308160981044466], [76.43242518977075, 36.25207095301215], [76.48170678064349, 36.21140932078356], [76.60116467321114, 36.16554886698668], [76.63727976574864, 36.184924179507334], [76.69727329572606, 36.135897055404826], [76.72600343890764, 36.07847706226664], [76.8007284647469, 36.04899255875961], [76.80498646775135, 36.01688139006416], [76.72277072598825, 35.953430507312135], [76.8037793536343, 35.850411746904626], [76.93522436191483, 35.7840569190916], [77.11953618574643, 35.79641395563959], [77.22458208279693, 35.71497804749896], [77.3584377049362, 35.7177200129683], [77.42694128111526, 35.659326087329134], [77.42713685757997, 35.610544549191616], [77.48369231804611, 35.53638235236372], [77.32222831758287, 35.53680363078297], [77.37779990714006, 35.47836330102558], [77.72545789106886, 35.477091614686344], [77.73744201473727, 35.52318532294436], [77.90128117688488, 35.46805377795954], [77.92067060606365, 35.49423199051398], [77.97185844491133, 35.45817838642347], [77.93366535727046, 35.512383001974], [77.96512485922494, 35.60387241687857], [78.13731620058223, 35.538868954438726], [78.19771802456722, 35.6662541379182], [78.25507332857131, 35.6456340054051], [78.273342127837, 35.72195401036936], [78.37862334149406, 35.732631050382736], [78.4232214034451, 35.78532063923615], [78.52126944183135, 35.763769319898245], [78.6581927557911, 35.853954406670596], [78.95829906135265, 35.891698539256254], [79.02797120580658, 35.84732736096896], [79.13949798354514, 35.838598424277905], [79.19404953775603, 35.886924354175676], [79.21546326441819, 35.9787808372659], [79.37807231318675, 35.99528720004429], [79.42563405316906, 35.89512433302161], [79.74604896698628, 35.80032187505452], [79.86887729734946, 35.78282797393189], [79.99917735265274, 35.837752877193566], [80.10564236999943, 35.68300522331248], [80.29467636122513, 35.602395856883334], [80.32864389969626, 35.4725759532177], [80.28107723052983, 35.44085982342216], [80.27092412834588, 35.34423115174633], [80.18353720567757, 35.16673083985643], [80.17089087971038, 34.988860502809985], [80.07314951553775, 34.82843171375265], [80.06904001668346, 34.7147770564161], [79.86066619209117, 34.68875436542169], [79.78049798449445, 34.63067865049936], [79.79252091211049, 34.592587644004595], [79.75846108341233, 34.55471612514913], [79.81029071174703, 34.53130810238707], [79.79403280736824, 34.48505450546111], [79.59325177534919, 34.500823910694976], [79.50851027862649, 34.474279706443326], [79.52813893826146, 34.41798528948959], [79.55960137380441, 34.41118167539406], [79.58423179915826, 34.23835634616847], [79.51109110267231, 34.21049599849158], [79.49473994039602, 34.1358784119592], [79.42034979600635, 34.078129160832134], [79.41970833387256, 34.01435438094995], [79.17883516800867, 34.07208018315396], [79.11258389263259, 34.01971619744461], [79.01477244519225, 34.05030265284523], [78.90568264763613, 33.97620644467173], [79.0202025427132, 33.77573030710806], [79.06902153401666, 33.75784712364589], [79.02052211500364, 33.70573739786266], [79.08629716068549, 33.68843684738266], [79.1053190108637, 33.622494465747025], [78.91924642238456, 33.63358016309411], [78.95366847821776, 33.38112089011702], [78.99344870739196, 33.330781826020484], [79.09732224282732, 33.294596873247144], [79.45490562869185, 33.25854828827295], [79.37739113159552, 33.084736472010604], [79.39376306011718, 33.036184705259984], [79.33331448217768, 33.01045642442449], [79.42230992056642, 32.96153817404752], [79.62689617481868, 32.73753783390396], [79.44812866510586, 32.53251729703567], [79.31803969147865, 32.59024792769975], [79.24163008795824, 32.50991917133274], [79.131962653154, 32.47086607281108], [79.14725012339454, 32.43702239526738], [79.11509357850588, 32.384223965963315], [79.03348379454155, 32.385452058565704], [78.97900245040285, 32.33923906962741], [78.82722373019106, 32.43870562756274], [78.76133453895784, 32.69736509382409], [78.66206537501711, 32.65356877477916], [78.61903629548868, 32.596067561169036], [78.57338830922316, 32.617612775908924], [78.45984398611114, 32.58001312930253], [78.32782320127978, 32.47224773544468], [78.29598167361542, 32.504317787136245], [78.31422977138692, 32.57395073823602], [78.40656718672636, 32.619659245278], [78.3908010289444, 32.756745524486405], [78.30558069988945, 32.73447021133126], [78.31360850712696, 32.70941519265705], [78.2193677126499, 32.66181971101088], [78.17026354542634, 32.67570553748061], [78.1337989457648, 32.639086501740735], [78.11104328941633, 32.65886276800239], [78.05328338581967, 32.58863860438811], [78.00450003015231, 32.58491912801537], [77.9208591795076, 32.69002455209147], [77.93290595264767, 32.763076450417884], [77.77930439298342, 32.862116761179664], [77.80814363921763, 32.902737070459466], [77.73056538378552, 32.969290885865746], [77.68328424217407, 32.98359280796177], [77.472913960411, 32.85938141022393], [77.41315049859668, 32.88508379867841], [77.37404789329571, 32.822983882000585], [77.33915510802188, 32.820150230648665], [77.19151976142791, 32.92923818909122], [77.17505588352225, 32.911340019326474], [77.15413219114777, 32.97868239357763], [77.01613977033418, 32.98801193350397], [76.93521990757273, 33.03231279290111], [76.8950570978069, 33.11304505978171], [76.82134618797625, 33.1546815445177], [76.84694581539713, 33.241628010724185], [76.79484051482719, 33.25306523438854]]]}}, {"type": "Feature", "properties": {"ST_NM": "Karnataka", "ST_ID": "IN-KA", "ID": "KA"}, "geometry": {"type": "Polygon", "coordinates": [[[77.51440942785285, 15.92583542766289], [77.25317352353932, 15.962304868375043], [77.0697720483414, 15.903699988763492], [77.02603620510683, 15.836192202208395], [77.06777820729849, 15.82764180252724], [77.04713233708776, 15.7390382338275], [77.12918298310825, 15.663814003313632], [77.12040982945013, 15.629902013267326], [77.08553216897445, 15.657553154354616], [77.03106596672103, 15.634021775184806], [77.03068505527114, 15.504809601881675], [76.97431948305774, 15.495670368392837], [77.03154401484448, 15.440077027832615], [77.06593832749189, 15.326942357603798], [77.11417339258804, 15.332422217311546], [77.16997873752877, 15.256281376184631], [77.12553735546464, 15.226517770778571], [77.16291413567888, 15.199192535906832], [77.15886920904683, 15.125968426401812], [77.08356988154486, 15.005492378070869], [77.04565246219141, 15.010898657946768], [77.05150878440293, 15.034604011865724], [76.88083336726612, 15.033833525796638], [76.80076760504102, 15.095711467310423], [76.77633757292074, 15.070083056188139], [76.76762021500099, 14.974923217532535], [76.86862611999948, 14.969222729845171], [76.86967915416966, 14.942834464439045], [76.85120146307713, 14.807667536327813], [76.78446667080027, 14.784537617217325], [76.80228856726364, 14.73994794414233], [76.76519029809384, 14.601729112708426], [76.8749732283319, 14.474191205459817], [76.9784760596225, 14.484176175789912], [76.94665222881736, 14.40546335455025], [76.88804297580276, 14.396141266406346], [76.90401830869803, 14.32518500068727], [76.95535379644059, 14.300087916224413], [76.94311127416603, 14.246195425678422], [77.05523054145635, 14.245811081516251], [77.10100219259715, 14.215860241756786], [77.15792010862617, 14.34408094218179], [77.23801297282051, 14.317570343796376], [77.28730108287874, 14.337669862374298], [77.28582021063426, 14.282700454362555], [77.36570283222, 14.276089876146898], [77.39041207775523, 14.198709449081832], [77.42157171246464, 14.210149503596767], [77.38146198698115, 14.301942738266803], [77.40134973410301, 14.33590584308024], [77.5062088932259, 14.267526370645555], [77.50743943288359, 14.158092852203424], [77.41644229967244, 14.176679311800854], [77.35435716155382, 14.131237522094011], [77.40222978097967, 14.110442108116843], [77.3329035283752, 14.029908740695873], [77.39025715424435, 14.014449914531951], [77.38258677535947, 13.976227089009], [77.43770329627017, 13.975990202186154], [77.40417233278697, 13.88778405019383], [77.35527660772931, 13.90367873638462], [77.36060853795374, 13.98938002916509], [77.32016207751792, 14.031769143930887], [77.16068516328971, 13.997314498465357], [77.12718775710937, 14.048776452471373], [77.0294884569268, 14.05968739535706], [77.0254420518093, 14.17899317299657], [76.94700256781431, 14.195456069741851], [76.89667266421213, 14.165096122088414], [76.8889351014738, 14.137144490525884], [76.92779630265727, 14.135222861445925], [76.98062902850694, 14.071603767699742], [76.9366454274446, 14.029034176086384], [77.04184539634804, 13.932174890358965], [76.97479538000283, 13.816813508636585], [76.9987329919341, 13.749223947627115], [77.01762466074956, 13.739434905396593], [77.02604730543885, 13.776554125172765], [77.06637145178115, 13.74565308781979], [77.17322236911707, 13.76163280670869], [77.16440306045291, 13.832347000113998], [77.13165510340036, 13.849821833810608], [77.16895946750549, 13.863840080955015], [77.18345347220003, 13.924225946470301], [77.18163538476523, 13.868279341418543], [77.24674938107916, 13.901039213588888], [77.2571943465419, 13.846502881302968], [77.43177066208642, 13.84247648430238], [77.41591594176737, 13.806602518891168], [77.46297874057649, 13.8072477968484], [77.45233456269, 13.703287936389188], [77.48411400205958, 13.68521044810376], [77.49495238314603, 13.71438703543339], [77.52926027903868, 13.695553360299414], [77.52730512952814, 13.751463655223574], [77.56385893294345, 13.724170977608594], [77.62356448021666, 13.736167082045256], [77.65702154550797, 13.78366320029653], [77.71032961611894, 13.738958167585395], [77.72092956444789, 13.798444128293909], [77.83597135229616, 13.868679626963285], [77.8223351092779, 13.938951062541548], [77.89528394439856, 13.939266417011595], [77.92000883454011, 13.905418190696992], [77.98706915261937, 13.95589400300588], [77.95672939474582, 13.83313387093142], [77.99378302156924, 13.870026151285913], [78.04658126561299, 13.861318887356788], [78.04984970949653, 13.895154234480401], [78.12246912744831, 13.849519681388244], [78.12727887531992, 13.785616731926666], [78.09395500951615, 13.742193415693635], [78.11454637001901, 13.693198273281723], [78.07312219453371, 13.696895431179257], [78.08992243597169, 13.644139096442188], [78.16834783298617, 13.6541162219861], [78.20340599818832, 13.62520973074453], [78.1985574247854, 13.565492596606077], [78.23727743150829, 13.596366808981088], [78.40070409441847, 13.587593179581631], [78.36539172864542, 13.36474417580314], [78.40772912879629, 13.342120655943575], [78.37732504781275, 13.32978709260027], [78.4769359397419, 13.320065682085612], [78.53153449432153, 13.265730501161727], [78.57084753108876, 13.303520419132099], [78.58007119293126, 13.16683279409824], [78.51970887616375, 13.12985824736029], [78.5156334598164, 13.063097828002412], [78.4625562271882, 13.041777514820524], [78.46903096190943, 12.973570821935937], [78.43367637836224, 12.978856183466121], [78.41214294114388, 12.94300630909396], [78.46736741757235, 12.903159915897447], [78.46823515992475, 12.876494627824854], [78.35638346792274, 12.938195959575921], [78.31410571890387, 12.857328527289724], [78.2519743826117, 12.857411662418315], [78.23164341001541, 12.762635916114675], [78.1314187442797, 12.779830008448187], [78.05044695826058, 12.847790285293456], [78.01188714147844, 12.804975301968682], [77.95877062466468, 12.857489931315342], [77.94319838140024, 12.822300072090684], [77.91938348106288, 12.831338912460865], [77.94370753257664, 12.87101922335853], [77.92444542761444, 12.882816577623032], [77.83548561676787, 12.868093473335193], [77.79338998675854, 12.837301338486043], [77.80943511154123, 12.795985221940498], [77.74141056284725, 12.6730742267942], [77.59997415048673, 12.666345028000705], [77.5798187696206, 12.56677441580672], [77.58840509631818, 12.515915775592646], [77.61516686096195, 12.512287326798742], [77.58530948864205, 12.477307726370498], [77.63528461239503, 12.486289536233187], [77.62009651903918, 12.382723480804032], [77.55294005264136, 12.29270712483401], [77.48025311538902, 12.270728096924188], [77.47583036198165, 12.211155176270438], [77.73729827969191, 12.17680021345916], [77.7775515090949, 12.110605745558757], [77.67594019128683, 11.949215389678557], [77.5012047532968, 11.938881074102312], [77.42338498582848, 11.77133739670353], [77.33678926691118, 11.767815953743309], [77.25208504888593, 11.81112315760771], [77.112831921556, 11.77149724310334], [77.11941688707975, 11.721219410247613], [77.01402464582083, 11.811170434967664], [76.96912914569356, 11.77328166891391], [76.9089805231327, 11.791213317740471], [76.83938022012114, 11.656890043640658], [76.845490227592, 11.591915342419156], [76.58339967865231, 11.613055200337271], [76.52123597216246, 11.701370670320216], [76.43137534459652, 11.666327781002337], [76.41206296213608, 11.75679270262117], [76.34241060186781, 11.737437238138057], [76.28213682155712, 11.807435486658449], [76.22536740967826, 11.80660682974144], [76.19061982984135, 11.87024025058713], [76.12288112616312, 11.84939593327573], [76.11396785093564, 11.976941086362103], [76.0039050948443, 11.929745216668437], [75.8561413727262, 11.962882610743918], [75.79993185627023, 12.079936329498082], [75.72133944885655, 12.067661810244374], [75.70574744568813, 12.105865616005417], [75.66219542118182, 12.099767073091982], [75.63885674244477, 12.14781139737812], [75.5557589663033, 12.181412711227665], [75.48557800522082, 12.291312810537818], [75.43331858998101, 12.297048244081225], [75.42382037680898, 12.371738175676342], [75.36770379899122, 12.4119557676446], [75.3686499658233, 12.456556898981773], [75.42478014318914, 12.465043604179016], [75.41666663775521, 12.501659669458206], [75.342773661975, 12.460912319248166], [75.27386062177032, 12.544612650153738], [75.32948855745104, 12.589981174791433], [75.27807758151522, 12.61637236839016], [75.22409132225675, 12.567302030064695], [75.2024051558733, 12.629718466733891], [75.14189478461668, 12.642340868936003], [75.16202035835289, 12.668603596179082], [75.0919949350183, 12.699148609021165], [75.04798575993493, 12.664478963533384], [75.04976961107877, 12.719075821092304], [74.99155573870644, 12.742459449743876], [75.00507209669996, 12.789785616812821], [74.88485735987933, 12.752932930910106], [74.84568344193735, 12.792536910949707], [74.69463020032356, 13.357597572869736], [74.68591923478493, 13.44172543158345], [74.73853038297085, 13.389970288697896], [74.70680848672237, 13.435848481622202], [74.74572323983568, 13.454026166074755], [74.68936499889566, 13.462985413745912], [74.6637494957427, 13.63095577628809], [74.70879738059472, 13.614793075040438], [74.75409573203245, 13.643799920729805], [74.70461823914047, 13.651784102754164], [74.68184677271046, 13.700505697480025], [74.66905435097755, 13.648733177893916], [74.64962793897826, 13.662988488128292], [74.62635758443503, 13.858920906274875], [74.51580271302487, 13.989453236677605], [74.43466296512378, 14.266858160875472], [74.5159263473231, 14.24044738094193], [74.41406012387569, 14.311868249919826], [74.35670329911801, 14.510557839272906], [74.38578856928712, 14.453241805964637], [74.42691134598186, 14.47189931020506], [74.3634198021822, 14.55786326257953], [74.31466054474839, 14.51791811842645], [74.29460498773005, 14.591922708166521], [74.39048421657338, 14.59419414834133], [74.41445588583053, 14.617029451348174], [74.28468677587404, 14.60852190076514], [74.26253756205892, 14.722413403555777], [74.23658193261014, 14.74728301350035], [74.20019610906326, 14.720176078263478], [74.17716039663503, 14.76666013455764], [74.15945327884577, 14.750797173750641], [74.10288773787886, 14.803294508235012], [74.23415832984313, 14.871643423505247], [74.11250079897275, 14.845796508602064], [74.08801970874259, 14.895984125966663], [74.16314815786126, 14.911879184476845], [74.16546842133062, 14.953602412421446], [74.20536209458504, 14.924045744615455], [74.2677257617346, 14.97784173340932], [74.29624375214752, 15.042455472841823], [74.28334455300876, 15.145658507034511], [74.31585171838213, 15.186585522004293], [74.25109192994864, 15.260075507079023], [74.33560189261328, 15.295391063646719], [74.24977673171088, 15.491824718036355], [74.28085007916786, 15.528294551752197], [74.2477171358372, 15.568087848075777], [74.24863624656558, 15.65641107561072], [74.20640408238256, 15.651218620343116], [74.18317635930157, 15.683146510802885], [74.16639864228358, 15.654229064020114], [74.0906155487686, 15.668122802725236], [74.22870259265056, 15.788940149168582], [74.2371593648129, 15.746531187264509], [74.28566523376361, 15.741466531055607], [74.35868458472584, 15.775816087142744], [74.38337647244629, 15.838425556993911], [74.3467194745242, 15.861333712281066], [74.40625519831883, 15.85975743905459], [74.3857789501385, 15.903236498865397], [74.4645046658577, 16.04255042036567], [74.37238948378769, 16.038604072919668], [74.36475767232878, 16.061528635438208], [74.42863061950754, 16.112564615664553], [74.48338793680392, 16.089302084323776], [74.50726093244612, 16.19017195966825], [74.49743521226532, 16.23291234962528], [74.415154258862, 16.28240722731175], [74.33060460731684, 16.267535288822558], [74.31717386478209, 16.355367569257965], [74.3623599763319, 16.39289922531907], [74.33239362866311, 16.45384130443273], [74.2896279119986, 16.460684851125052], [74.29323360884405, 16.504271219840973], [74.25323587593499, 16.492550847543612], [74.27996243301993, 16.50840323052472], [74.26958765784417, 16.54613574746685], [74.30751685112182, 16.503742672985993], [74.325609501977, 16.555308321521863], [74.37914693838059, 16.529039162327535], [74.39727898044066, 16.580269641630707], [74.46654412051481, 16.606399628939755], [74.47148521077389, 16.662335875600206], [74.48970145006194, 16.629253225056345], [74.54587187208926, 16.634803663558273], [74.56859909007602, 16.55362885558725], [74.64257788366245, 16.609710262718522], [74.68544095733438, 16.60610503352052], [74.6554153839129, 16.639193291337392], [74.69325209360932, 16.71676155080496], [74.91978719542277, 16.771542401560623], [74.9078616499952, 16.857454984659853], [74.96338984456571, 16.90687378779512], [74.93438145474039, 16.942440950389596], [75.09076266866231, 16.94873884692032], [75.13794385512489, 16.875129484038496], [75.22717015577814, 16.84258644291009], [75.28014647368087, 16.875908612592468], [75.28197389967579, 16.955145006536895], [75.46592363216996, 16.986986987459545], [75.49112079229081, 16.94689643462283], [75.56873761065225, 16.965357877663962], [75.5741895383166, 17.00950244658071], [75.67012034148064, 16.960346900189336], [75.6709719598881, 17.03746867234139], [75.64236694208074, 17.038116852410838], [75.67715156319412, 17.0645718223318], [75.67280507049765, 17.11520335854823], [75.62655076940257, 17.171691198090343], [75.65850302969113, 17.262941542618137], [75.6043801517227, 17.3046829809349], [75.57683714062159, 17.384264991536156], [75.61422579368548, 17.39320361505486], [75.63406131987409, 17.478787422201833], [75.68986474026559, 17.413974661001873], [75.73586424363998, 17.423288435812708], [75.7900484976401, 17.37445146256499], [75.82110309243382, 17.42111925484977], [75.8641323455314, 17.387944414802973], [75.88656977947181, 17.418812586431784], [75.8930354085573, 17.355177580980637], [75.93065003337239, 17.32572225957466], [76.05442658641789, 17.355964637957698], [76.07872211773162, 17.33176631436396], [76.12130911662251, 17.368045331726705], [76.17605347468816, 17.299025157085396], [76.17259569113827, 17.350490917022228], [76.244838249086, 17.376463978030188], [76.27647814784831, 17.33239137196432], [76.34440210917006, 17.35183033040545], [76.35310287819533, 17.312539231700214], [76.3826304556311, 17.313774242787133], [76.40903402030386, 17.37121472697811], [76.36283843684447, 17.376959452316896], [76.37401898838567, 17.436246904770883], [76.33439154413452, 17.434069362810874], [76.33150696957102, 17.47057122138483], [76.37313453393165, 17.48754260470747], [76.34669168507327, 17.493336036429014], [76.36720421460285, 17.518430737688448], [76.33232959383577, 17.596474554157396], [76.41659192817502, 17.60586368046455], [76.42964470813683, 17.646044328283153], [76.49038741384811, 17.66232465815648], [76.4874491200809, 17.715113130166856], [76.52482188482219, 17.71684919313583], [76.52487076117677, 17.760457288573036], [76.56104345798923, 17.764742313506986], [76.57074169387414, 17.705414262957902], [76.61587285055168, 17.769943959845932], [76.69219955456583, 17.681754240266002], [76.72934856528411, 17.738775277057414], [76.71413963373715, 17.776800998167573], [76.79004838862227, 17.828180013996473], [76.73918846147836, 17.858692551420177], [76.74238128137108, 17.899597210143156], [76.80468323884048, 17.869999247267515], [76.91861605019062, 17.91681315060646], [76.9198617227404, 18.034808229316354], [76.954287516156, 18.039313145685185], [76.97051986809748, 18.098648108423504], [76.92468182090937, 18.117587279429472], [76.95629197549431, 18.18631226419967], [77.11145830605602, 18.154287175912486], [77.09806589982145, 18.19662981911091], [77.14212979505407, 18.208793682182716], [77.18054005547924, 18.283344414013527], [77.20895456809887, 18.279489274910134], [77.24302706914398, 18.41004104685686], [77.32036977594447, 18.45519056139534], [77.34510038037831, 18.431743704108726], [77.3727248592649, 18.449113421447294], [77.37285755962876, 18.402231230786697], [77.41331064087342, 18.390105536741203], [77.3656374128364, 18.309923577611073], [77.43964937971515, 18.30819318846494], [77.46875610590962, 18.261757737829384], [77.52324085937823, 18.30915729767122], [77.60667622033134, 18.279913138880318], [77.57363890551113, 18.19114872643263], [77.6011890212564, 18.086455819580465], [77.54937462024259, 18.055916102845913], [77.6572816465308, 17.97173536759317], [77.51453350731555, 17.803902751510805], [77.56584161519845, 17.749698584721955], [77.46145348768835, 17.701495474336696], [77.4435254847134, 17.5841447104101], [77.50538424278864, 17.543677813780107], [77.53124113566992, 17.57601739588614], [77.58933632900846, 17.561224361215352], [77.69220373621351, 17.501606175884376], [77.68822046440295, 17.47595375556142], [77.51399334841437, 17.430220321110994], [77.53193294814707, 17.37517030686422], [77.45534335071511, 17.37345903100953], [77.43776610042528, 17.291317371799323], [77.4583082922939, 17.278987471394714], [77.38401883959784, 17.222860335536097], [77.3636350732001, 17.164764663758262], [77.46656444729149, 17.107405945927724], [77.50346835228271, 17.01083591274721], [77.45741692744929, 16.912618078761398], [77.47148512473876, 16.780393319596044], [77.4393469224226, 16.781370784634078], [77.4275072325728, 16.71833689772967], [77.47297809196544, 16.712588717195615], [77.4692645439236, 16.68219295853828], [77.42068725531266, 16.666682795474685], [77.4756123663177, 16.647483359769296], [77.46066843350144, 16.585033203019975], [77.39556180713174, 16.569164950602044], [77.41954709032603, 16.521889319136847], [77.23899106648457, 16.471971135059903], [77.31102807178814, 16.398099259173534], [77.52345604735876, 16.37450087781332], [77.58918359264874, 16.332578905991795], [77.5854988013287, 16.29065070006982], [77.49217409136128, 16.254334029891595], [77.51544894611203, 16.22790904246841], [77.48829989652307, 16.163176153656593], [77.51440942785285, 15.92583542766289]]]}}, {"type": "Feature", "properties": {"ST_NM": "Madhya Pradesh", "ST_ID": "IN-MP", "ID": "MP"}, "geometry": {"type": "Polygon", "coordinates": [[[74.14169342391244, 21.95241290473183], [74.14957424955202, 21.984750966983597], [74.09678056686971, 22.01665512613323], [74.17664680010978, 22.084866133964965], [74.12839553102901, 22.094631282108026], [74.11868100932116, 22.211170059850417], [74.07153904229301, 22.22021407671832], [74.06791999141456, 22.358545926853083], [74.10802457907113, 22.369854602108262], [74.13036793852962, 22.33055472961712], [74.18729142675801, 22.320097373295198], [74.20314581702587, 22.365758217168036], [74.27052664358979, 22.39108541655878], [74.18725798097108, 22.475998253016996], [74.18305998523022, 22.442280358251992], [74.13700685168493, 22.45206079936645], [74.11916553346265, 22.419023949495738], [74.07416313092381, 22.463897226475865], [74.08142159333192, 22.506754090329082], [74.03309404015789, 22.48980533754633], [74.04070267069176, 22.54039230516082], [74.14968694089964, 22.515562723141215], [74.26221995118988, 22.64280048885155], [74.37825094022878, 22.636493886883443], [74.47662991923545, 22.856305493403852], [74.44919295619002, 22.921673383619805], [74.39791702964726, 22.89711287246115], [74.35950795362919, 22.930857523855707], [74.3391009676356, 22.962474468322114], [74.36835949849211, 22.977790028886773], [74.32031935785216, 23.060464116425862], [74.38897613444112, 23.109682847385557], [74.51036542002817, 23.086380477876787], [74.66778732132786, 23.198839329171733], [74.74454228609767, 23.209373734910002], [74.69427051826983, 23.225903226452772], [74.72096264840758, 23.239786952106215], [74.69993933543202, 23.269431134739136], [74.54699908503977, 23.284214658179962], [74.51870693237908, 23.32915961292582], [74.61218020854983, 23.45869012914619], [74.85100643200127, 23.55444362647222], [74.93953685614105, 23.62730155812045], [74.90970998163039, 23.673851407016855], [74.939901032107, 23.76274058780791], [74.90521816838384, 23.86500670649434], [74.99341290528139, 24.02646651431826], [74.88059741703722, 24.213319046137144], [74.89481997755996, 24.25849168943995], [74.75502778400511, 24.27595285344148], [74.85766436761651, 24.460106578256045], [74.7133860418324, 24.506215781832907], [74.8180231646374, 24.66852042357874], [74.77691528521228, 24.68295485268436], [74.8003894630034, 24.79249823410629], [74.88897086970991, 24.654480339096438], [75.00123840013214, 24.705105610635485], [74.99483230976335, 24.74935012840575], [75.02286627425923, 24.76944521692326], [74.87929720869926, 24.809933401405374], [74.85005490970639, 24.789451599012125], [74.83408655555013, 24.96424158987753], [74.90200261003247, 24.936451512527356], [74.94627849165914, 24.874571135649433], [75.04504330770254, 24.855778025335667], [75.12070902260336, 24.885495344434673], [75.1172798599776, 24.95758104622837], [75.16646590777549, 24.9880522634013], [75.16127134359766, 25.0418598165773], [75.35210531890539, 25.037911631816428], [75.32134163320984, 25.002732175049914], [75.31977584517915, 24.90346662998104], [75.27815653659496, 24.972997269708287], [75.29010670276216, 24.922521580606485], [75.26357359794326, 24.885961904618227], [75.31348478079803, 24.86570840771691], [75.42665305149717, 24.88888376597305], [75.41947064295584, 24.860050835677555], [75.30258913897762, 24.81151788184485], [75.28592624470048, 24.846307554450107], [75.22938843073155, 24.85548896434426], [75.25204940285772, 24.89200326683732], [75.22126144985606, 24.90284005342579], [75.20331883019992, 24.880564462380107], [75.22972533925304, 24.844101900582302], [75.2539412715725, 24.833483146530057], [75.19413868115527, 24.78513862224969], [75.21874154858364, 24.71878425668814], [75.45413261812587, 24.689373097390558], [75.5844074267614, 24.718721781684906], [75.61584702132302, 24.684423404216773], [75.76254732839652, 24.76066588672137], [75.84171956380686, 24.72568589778598], [75.83095100968143, 24.609214881261835], [75.92031380493819, 24.567286303020524], [75.9249197898165, 24.523100866212076], [75.89386016691321, 24.50543907515322], [75.91175731954473, 24.451992323686852], [75.8498825067723, 24.414876925130045], [75.79371351017039, 24.471129217839177], [75.73205357601177, 24.38550857356188], [75.76742694999382, 24.306675283637503], [75.81541888427415, 24.296651332193278], [75.82873749663821, 24.238556423939883], [75.7757774528672, 24.216924573910035], [75.7456014174715, 24.135678748275666], [75.83287384295352, 24.10397476022706], [75.83170996644185, 24.068006863326104], [75.78171513584488, 24.05817146104414], [75.76401595187474, 23.994080370712595], [75.70224842822245, 23.9652381162461], [75.67105533603501, 24.02972267166399], [75.58546286931602, 23.98817706342078], [75.51592944258977, 24.04501414388767], [75.45779279859886, 23.917114679498923], [75.56389037004459, 23.85446235425428], [75.58393474579196, 23.79669297540056], [75.68895790078653, 23.769598467895037], [75.72932155254767, 23.86071945124172], [75.70409707012374, 23.900252494557037], [75.7817862488364, 23.850875932578276], [75.97814788281858, 23.92897011647773], [75.96257746787592, 24.021367927587846], [76.13747409405426, 24.091161199929502], [76.12624661409001, 24.201219650066832], [76.18860563174457, 24.327255115731077], [76.21862672654225, 24.21258630461432], [76.33829317279174, 24.24966958748155], [76.41517023132116, 24.205246040772238], [76.4780787932018, 24.224348010652193], [76.52671895161836, 24.15885350578469], [76.58334994974047, 24.176326660447046], [76.5911829368431, 24.2416625240063], [76.69687997363195, 24.280593651975494], [76.6779945191318, 24.189044378195547], [76.70495494401553, 24.16705823574904], [76.75889881552797, 24.16769517968885], [76.8050413614697, 24.11595508785706], [76.90402563097814, 24.12670159420327], [76.94676243353956, 24.203884043613755], [76.84306481988557, 24.33810029029621], [76.85566494318266, 24.464528321724742], [76.81892562221975, 24.52976400260667], [76.91736261199503, 24.538933549543742], [76.91908405828269, 24.483045141420178], [76.97946357998029, 24.4603142299178], [77.05497410157358, 24.521873926540536], [77.06425515814908, 24.637695664023738], [76.96807872405395, 24.754788680453316], [76.84961797908653, 24.74741436198326], [76.8069111464323, 24.82182454776472], [76.95380547774067, 24.868063378722013], [76.87691895384671, 24.94977913519898], [76.88699029236818, 25.029236762366736], [76.988793408589, 25.072649729201714], [77.08246624881838, 25.053061999511726], [77.17499572787062, 25.10873886190899], [77.26778559482938, 25.11424920143952], [77.30839441257211, 25.0788724936707], [77.39236104262807, 25.116930405114147], [77.39645820278389, 25.183128995506763], [77.42379752013949, 25.18795497344331], [77.35546192113082, 25.26667370502753], [77.38065049812207, 25.3007304508497], [77.34225117525159, 25.32046881068709], [77.36729096570554, 25.407796774701467], [77.2888706426661, 25.418445825114816], [77.19618303491916, 25.306587475431684], [77.08100374252876, 25.334638064794888], [76.94710930295201, 25.27037713749496], [76.89848614621872, 25.317426105630318], [76.77519187260691, 25.30726560472391], [76.60749199286124, 25.38410813198476], [76.56923674587915, 25.437532276293553], [76.4875743416826, 25.71323893692744], [76.53180726719171, 25.726118008339483], [76.5346546035272, 25.793032882661464], [76.5907804866302, 25.862730994140122], [76.6622092795347, 25.905765585613324], [76.73906424891601, 25.897471858739323], [76.8122042322396, 25.947852097396435], [76.90149145926347, 26.092810709946377], [77.09113859387105, 26.181839000569482], [77.13616321416106, 26.2342891925922], [77.2011660155992, 26.230586318603798], [77.27386946350498, 26.27073974664205], [77.34166634792365, 26.351759173347205], [77.43953711644485, 26.35949616951268], [77.4348734049837, 26.401396357955605], [77.53013146669389, 26.40935932946951], [77.67853962680238, 26.50411741488682], [77.72152353068645, 26.498627448597915], [77.74696560857603, 26.53705178071516], [77.82068983197024, 26.549141160136458], [77.82817911347536, 26.594155744891737], [77.88722951992645, 26.61459392117257], [77.91151144539697, 26.66045208349692], [78.00023858454313, 26.696899246203316], [78.08345068340236, 26.672441819834148], [78.1198661629931, 26.74387009113184], [78.10359880314229, 26.7836466483742], [78.18439997158146, 26.78569618353208], [78.18161154353794, 26.826769781700136], [78.2640113738259, 26.814475668917055], [78.29053547553184, 26.85826611538897], [78.34970428852216, 26.86812524808181], [78.39408949353538, 26.822116802748326], [78.57439409301304, 26.75188024467758], [78.72405890189685, 26.79438878401521], [78.8201089173927, 26.759680474874074], [78.87362801572039, 26.69889374285202], [78.95687617109849, 26.69097742906513], [78.95660194892088, 26.6568783296712], [79.00193284052824, 26.678819918804265], [79.01434821339939, 26.60474764159045], [78.98824144208896, 26.568366067340207], [79.06954629832308, 26.497627282872884], [79.05700265424917, 26.45040243072765], [79.13534957192525, 26.439178616400056], [79.09535542191526, 26.412196614082518], [79.08525175006827, 26.357087997313272], [79.12510241504447, 26.347988991398893], [79.1350370062529, 26.310468820579672], [79.06627094854548, 26.27823652489576], [79.04887017851598, 26.223733071823858], [78.99256774050889, 26.23745496627373], [79.02888870944645, 26.203035850324284], [78.98399476244839, 26.18726291884866], [79.0089227734673, 26.14946525591688], [78.9525386986021, 26.132003715099415], [79.01128568638535, 26.07631662381317], [78.95238050515627, 26.031493623432027], [78.9380626857444, 25.946158867337886], [78.8544446841749, 25.855110037498264], [78.8710844155134, 25.796729196095555], [78.82358878469472, 25.82576474814465], [78.82824237428622, 25.794047566142297], [78.7544432220771, 25.743743991991664], [78.81894322245182, 25.66919069439507], [78.81275259075949, 25.619301106960563], [78.65600250820927, 25.56038428041029], [78.61157416991205, 25.582013565573618], [78.4407295579228, 25.55995550704108], [78.41581534070548, 25.527636385410915], [78.42868564552617, 25.4744719239402], [78.35460972965535, 25.449602171902768], [78.30664419407435, 25.378556184420404], [78.33818288942888, 25.331552992676507], [78.31490004240311, 25.305828147251248], [78.35203462349915, 25.292792171121846], [78.39218045136681, 25.190087469261357], [78.45080630676568, 25.16750922846819], [78.42771686793918, 25.152595154043183], [78.4497320755749, 25.123744368607788], [78.33934593676565, 25.088213711293804], [78.33414410156911, 24.99460045474723], [78.16964971316378, 24.866086480906404], [78.2742674043173, 24.66484197427775], [78.26148565124186, 24.547630071070955], [78.22582439348105, 24.518124802217926], [78.2729659782973, 24.442784780393367], [78.36497991918799, 24.38266299360231], [78.33458825334526, 24.321017884767627], [78.39174415516868, 24.26862253610119], [78.50623016379109, 24.389840981076475], [78.58475905478662, 24.352644137217226], [78.67546019143475, 24.240703493271667], [78.77285321850127, 24.246298290833522], [78.79810428758287, 24.17602322199417], [78.88019612615034, 24.214721868019865], [78.97481753799906, 24.352651655549494], [78.98874878562799, 24.442879040135665], [78.90933671811513, 24.47394608964038], [78.97317439748053, 24.49253885528401], [78.8885386385474, 24.63514310656916], [78.75866472429766, 24.597891678358337], [78.78737777586372, 24.810247746836126], [78.77135925662446, 24.85659623662707], [78.67522633442786, 24.897580525820672], [78.63174304330687, 24.957068987543778], [78.64886554600821, 25.05654411242091], [78.60408896683242, 25.0928909809341], [78.57560947100035, 25.25352421287215], [78.50370010377685, 25.28873840055678], [78.4356471571906, 25.275705800482342], [78.49456372203821, 25.31505068943784], [78.53213221253162, 25.30140292880219], [78.5351550830407, 25.36071941856636], [78.58333954328538, 25.346791255612004], [78.5682755239963, 25.39052347997466], [78.6410330526333, 25.404352234568023], [78.64610299505722, 25.435241155355072], [78.70755192398218, 25.42095970182885], [78.65930856264009, 25.407979113145586], [78.66512237569714, 25.382831354583402], [78.77165051555892, 25.353294388225493], [78.75274239454592, 25.410406067685926], [78.81920394760414, 25.427940678419645], [78.75915919404162, 25.433270935905], [78.73370889724788, 25.484871863046067], [78.83293147001137, 25.463205148998497], [78.84401523831264, 25.42911008666124], [78.86462257796967, 25.461988253854884], [78.83446004499513, 25.498523813623137], [78.89310730695672, 25.5555683595922], [78.94929958790573, 25.546253330227046], [78.91070459234311, 25.441811407970135], [78.9676461155758, 25.433783303956375], [78.98194453751046, 25.367501760098207], [78.93605099225954, 25.346743042057767], [78.90279411515633, 25.375699543699056], [78.9508789404108, 25.398028948377316], [78.88215540444844, 25.38255921343699], [78.7905437608859, 25.298111726674904], [78.85320037499736, 25.228786842838588], [78.88387704319103, 25.339387462761238], [78.96320931745612, 25.342711196064897], [78.97208393802339, 25.278869401401778], [78.87947196595854, 25.245781190349703], [78.88435758693316, 25.15722931288252], [78.96016591362604, 25.21573141976927], [79.00314407893615, 25.191009644879273], [78.97965474756859, 25.237859562468884], [79.00006566090161, 25.27273778322217], [79.06384765604457, 25.220779148938618], [79.02907775323575, 25.13829956137573], [79.09169504628943, 25.187625920499897], [79.12662084387688, 25.158573900065505], [79.12219164952506, 25.112962130398046], [79.1762576948368, 25.107043137131143], [79.19229684722177, 25.1462911691022], [79.24582736154355, 25.111574926141998], [79.22135847601294, 25.14355641439704], [79.25808594121327, 25.156392198741003], [79.28403134537035, 25.11548242737217], [79.32208614695816, 25.147091192504604], [79.28117163796077, 25.24325256835141], [79.35455718836363, 25.20941739299832], [79.34772782847654, 25.267892214454207], [79.26409361213058, 25.274568661714397], [79.30239678398448, 25.33528392911012], [79.34141461019618, 25.327671983675145], [79.36061901555519, 25.26052669045447], [79.37210982690704, 25.28765018490816], [79.40889177033898, 25.257531106275565], [79.48086293807421, 25.27731509051904], [79.39145961846668, 25.16550976216587], [79.40952483730143, 25.108638362670376], [79.47780719194839, 25.12597879718379], [79.46810766193909, 25.091654428409186], [79.49746113782129, 25.078091097026572], [79.57665156022136, 25.170830858257546], [79.60287104266456, 25.129477841629125], [79.74736261299427, 25.13836762026949], [79.86371255289208, 25.09400225430062], [79.88004368007182, 25.143981568894333], [79.85314157172621, 25.231935853157154], [80.00534510199492, 25.26557380268889], [80.02883497025772, 25.338553507038796], [80.1352055408031, 25.336076426985585], [80.26412814229997, 25.424166690540403], [80.31729336549648, 25.387362791959333], [80.32019082644553, 25.27775948241424], [80.40723432950074, 25.238661692982816], [80.43182240128283, 25.169905352450087], [80.35670042908157, 25.13644366374416], [80.37687514986834, 25.111137936566593], [80.35307141911073, 25.054368932979912], [80.2895591945013, 25.055824244693213], [80.27489867853126, 25.0260351030376], [80.32208519077898, 24.999356845841817], [80.39019159666492, 25.00561434662484], [80.37527424780836, 25.05469407387244], [80.44878587057156, 25.077922653108033], [80.49935250271591, 25.041935114114267], [80.43364402665054, 25.02655524213077], [80.46032407349725, 24.98261313308967], [80.55030444399495, 25.00265092040371], [80.48257991812875, 25.097691694216394], [80.55153606373841, 25.063590601924773], [80.61490051444724, 25.072171026371848], [80.60278029457498, 25.151132550626755], [80.64056240553066, 25.119221329101094], [80.61663032532931, 25.094548188648048], [80.6874316405578, 25.07782878906744], [80.68170992437359, 25.050199492512604], [80.78411207001608, 25.057785613015653], [80.709084390832, 25.124024821288515], [80.80612790178128, 25.142267288404696], [80.83593438866114, 25.106388582667023], [80.84457770899411, 25.18869774150761], [80.88635783524597, 25.19164470114208], [80.91384864969547, 25.160570398605046], [80.8103131325451, 24.940682579937175], [80.94499374956195, 24.968791584763892], [80.98917312224188, 24.926008521975746], [81.08462044807527, 24.94866311341201], [81.1363428619336, 24.890120991190827], [81.16964803532863, 24.95497097173302], [81.21422092705421, 24.93575119785953], [81.27702916236603, 25.16153095279128], [81.3132612701915, 25.16383309672011], [81.3167490740106, 25.122257175028665], [81.32135406603737, 25.15992769180957], [81.35781017340082, 25.16375716066449], [81.49208132549285, 25.071534745232384], [81.51595763064017, 25.10339111800573], [81.48583319114891, 25.13495193758189], [81.52686790622897, 25.1391049591266], [81.52127627967661, 25.184407318842716], [81.57485177538916, 25.192285878190773], [81.62809361632736, 25.152250740679165], [81.6005325900071, 25.132998179322556], [81.64034898901468, 25.09994516773537], [81.6028395893756, 25.073607598012302], [81.61688357511696, 25.055582513222475], [81.66827585684536, 25.074904387127788], [81.69025510688772, 25.040546322554803], [81.90997167485295, 24.979831047964524], [81.90472652650806, 24.889605207514364], [81.95094414785422, 24.839192651719543], [82.01314880497341, 24.8479101742152], [82.12042399097447, 24.78963195355186], [82.216957503586, 24.795216017705116], [82.19694529838688, 24.741271100281097], [82.2578331636696, 24.753895856009024], [82.23700502066521, 24.672187667327023], [82.3000498541175, 24.662438297789265], [82.3011550444698, 24.614612952126095], [82.41728996366095, 24.595660596159632], [82.42832258661815, 24.702969067868253], [82.53740577055993, 24.64983252045448], [82.6660756886422, 24.698323826683293], [82.69981981483267, 24.646649942041222], [82.77088768911563, 24.643742697367657], [82.77633040592355, 24.595678431514443], [82.80446149360313, 24.59790876907448], [82.80883014469549, 24.550891123426652], [82.72417104835523, 24.555271203103587], [82.74458996295647, 24.497985065958062], [82.71512411408668, 24.383502119527236], [82.77245645300297, 24.345969097395994], [82.74401535102771, 24.166958672704652], [82.72821200717846, 24.137629314841035], [82.67872108201237, 24.157038652311996], [82.66526892931768, 24.133386166838193], [82.7162403427177, 24.079459841998187], [82.77408108007785, 24.07661058650939], [82.75367267405471, 24.01191793966126], [82.8092589315545, 23.999930821250473], [82.81553199420625, 23.961983259319993], [82.66248541696848, 23.905146659091088], [82.63725198179355, 23.837927352565316], [82.53508160852948, 23.82293105222635], [82.55224091328756, 23.79310589362217], [82.52392879837538, 23.783130599097944], [82.47124121950674, 23.809668557557927], [82.22881795248657, 23.80867560709362], [82.21164992250596, 23.85153021184982], [82.17747695100053, 23.823220079043438], [82.05313444020231, 23.81903165388775], [82.00849089953545, 23.861482367717144], [81.92420060707241, 23.871253619558956], [81.81945065262556, 23.8077434193234], [81.73457539703702, 23.839096974845575], [81.66935283366638, 23.923582195362087], [81.6152990434162, 23.90122527772445], [81.60616512581998, 23.85169373377886], [81.69495953875179, 23.719601515797365], [81.57733053177867, 23.58696134898713], [81.61279351600803, 23.509329743972557], [81.63867394414729, 23.490229888398687], [81.7368478921166, 23.56358720728383], [81.83478247922807, 23.509915006572328], [81.92396183706916, 23.530781181006773], [81.98646836152574, 23.410427750740155], [82.0235608327663, 23.42243611293634], [82.05682334682007, 23.377735583130686], [82.1060652587048, 23.39672502803768], [82.12202866299248, 23.353136436197644], [82.19507407450897, 23.32143835849348], [82.15001013855709, 23.2269966536727], [82.15857298575474, 23.141161752213122], [82.12337595893342, 23.103244840077366], [81.94558317942023, 23.077122997928086], [81.9258973651713, 23.040325776813177], [81.94770395527337, 22.956583482641634], [81.86854199641607, 22.893450283603784], [81.77681833060154, 22.872954398726563], [81.77011964130844, 22.66332267170401], [81.68594930131928, 22.6485503457219], [81.62921313827576, 22.54359249589703], [81.52271439545302, 22.536425607855563], [81.40379597560383, 22.44102214645494], [81.38599326078042, 22.50489663776966], [81.3301926489716, 22.52384889121339], [81.31120928258241, 22.481308513177396], [81.26768615958866, 22.493064007597923], [81.23077354736137, 22.451125764342578], [81.17786434856089, 22.48741896581265], [81.11717398788926, 22.440544539898667], [81.12098886974059, 22.294024540600105], [81.09180526410171, 22.246428703721733], [81.02656027253863, 22.228835504854715], [81.02288666248955, 22.132493497476958], [80.97788535892221, 22.114417794345798], [81.00625104824735, 22.061367766209514], [80.97047173558218, 22.058190897591885], [80.95758576906803, 22.11274097151869], [80.92420307681061, 22.12059216000023], [80.85036044867581, 21.958270468007754], [80.82544623505578, 21.956634322416107], [80.83867888482274, 21.804886073933233], [80.81816714489787, 21.74763782072887], [80.74699295186332, 21.756553498045548], [80.73325321486402, 21.731117745087943], [80.73716431787904, 21.472528675058356], [80.65517886461299, 21.32699578782541], [80.60002584921364, 21.325351045614298], [80.49227603341228, 21.39797497996142], [80.41117866696197, 21.376102993858126], [80.4180571577117, 21.438407706850228], [80.3773352061549, 21.520998473101088], [80.26689847688328, 21.619934082991563], [80.19482432148533, 21.633898334840353], [80.07008129581521, 21.5542803405653], [79.9335938562715, 21.553299556129673], [79.92221832811339, 21.524076295784482], [79.73888584440624, 21.601854498386444], [79.54271422997778, 21.54344203951854], [79.4946249953473, 21.673121758662262], [79.3232266635797, 21.68466576041658], [79.23449704949928, 21.722657461073027], [79.22239658773242, 21.64900158075841], [79.15355651582058, 21.659261283181706], [79.09374288532598, 21.59796083052794], [79.00000879946657, 21.617425221796623], [78.91869304794585, 21.591000883683876], [78.937275119751, 21.486190780779964], [78.78989593874661, 21.487813913181583], [78.77745847762668, 21.465823644645525], [78.75172339881584, 21.49250879604415], [78.72938875198935, 21.463037347995282], [78.51351725611653, 21.526848743774565], [78.43493478890946, 21.50015123748966], [78.4274124699096, 21.600219694583302], [78.38430498298862, 21.61687647257122], [78.36572557227737, 21.57655757916899], [78.27571825359456, 21.591141359586118], [78.27389581883705, 21.568917873461146], [78.1854433155566, 21.556833354875494], [78.17381210564423, 21.496734006169504], [77.94285919399664, 21.385132206985816], [77.80324514174993, 21.410421172599058], [77.74213651628725, 21.364762350402202], [77.70895432608137, 21.357199257040122], [77.6919725007304, 21.394800368642166], [77.67367242754057, 21.371010402008494], [77.60420834933592, 21.387160581095998], [77.60503154377079, 21.363331896849616], [77.53058014205999, 21.41900241542919], [77.49037584926612, 21.37574422641495], [77.42680808792295, 21.540351252208552], [77.61073313672495, 21.540643393377934], [77.5745454194356, 21.560457736935064], [77.5457464592318, 21.698700422886247], [77.47482832656607, 21.768822885767634], [77.28018571879596, 21.757321070311207], [77.28627014684986, 21.721778181318086], [77.21038144594701, 21.691564906795065], [77.1743592236993, 21.724776474254952], [77.0717640026067, 21.719302172357402], [76.90346766729908, 21.598378030521758], [76.79750185552626, 21.595078504269622], [76.76498383533578, 21.520254672615124], [76.78623998009107, 21.464154653114804], [76.63033924066349, 21.337524320091347], [76.66279600713005, 21.28022596655518], [76.6249854299337, 21.190544927306576], [76.49248438464667, 21.19568930211966], [76.45389963775813, 21.112806017883486], [76.37737351717414, 21.075264990886694], [76.16917544169331, 21.083744258690615], [76.11439274462953, 21.1625036072557], [76.1733169042518, 21.18613002408142], [76.09917935064658, 21.371609510570522], [76.05276937600593, 21.35040138781386], [75.8881367132388, 21.39730423859976], [75.5472995393423, 21.370247266098488], [75.21815277682924, 21.408712556939008], [75.10469478053977, 21.467486903897566], [75.05572219672206, 21.562756744028547], [74.89947563109558, 21.628098875862463], [74.71135183112216, 21.624288841356986], [74.50880480759582, 21.72218525134832], [74.52427805169077, 21.906779989305107], [74.44830832097227, 21.96554309653675], [74.4321872187652, 22.029028359471283], [74.28759795867893, 21.934783577400253], [74.20144231131366, 21.923770898708085], [74.14169342391244, 21.95241290473183]], [[79.39955618696854, 25.030694972594972], [79.4241453721113, 25.0568323100631], [79.36172983566343, 25.14067310697834], [79.36195525702954, 25.049117588306103], [79.39955618696854, 25.030694972594972]], [[79.36914078621834, 25.170435096302697], [79.36270759657839, 25.1866126525519], [79.35657519418993, 25.174291122137618], [79.36914078621834, 25.170435096302697]]]}}, {"type": "Feature", "properties": {"ST_NM": "Chhattisgarh", "ST_ID": "IN-CT", "ID": "CT"}, "geometry": {"type": "Polygon", "coordinates": [[[80.3492878804314, 18.591234931047268], [80.2494338226129, 18.76411571786616], [80.35355348720373, 18.815485930231546], [80.2776780153282, 18.92902632960147], [80.27490708719239, 18.99132721417965], [80.32930252898859, 19.078794120752093], [80.33200963943335, 19.145345407264756], [80.38830338998952, 19.184544075448798], [80.38633388190317, 19.23632466914819], [80.56656391948934, 19.401215190928383], [80.61123875836205, 19.315642400476463], [80.68654716092277, 19.32808331948968], [80.69089760164309, 19.29092867361942], [80.75663214725586, 19.290830745542507], [80.85023699244329, 19.37018384360954], [80.795281623748, 19.430600920096424], [80.89946563393192, 19.46963946488944], [80.88641196364125, 19.52287491434589], [80.82692843829687, 19.5691044669976], [80.66923773773146, 19.612160383195203], [80.67302461919087, 19.69550057699007], [80.5573047209362, 19.76757788181385], [80.52485263544082, 19.83174208792707], [80.46656136741325, 19.814170730894546], [80.48513152589925, 19.77533334645682], [80.40711998340055, 19.79642619681158], [80.50454607853874, 19.871534805986585], [80.48964303609728, 19.901613067988762], [80.40960421036607, 19.91220290793791], [80.41322921025989, 19.935072463423523], [80.45065715650264, 19.955254604516426], [80.52739929963803, 19.93358853798071], [80.55316170884583, 20.068222490975245], [80.50497036249232, 20.141262665739475], [80.40072178188478, 20.146230539607757], [80.41890605836795, 20.204350943641202], [80.38981539316592, 20.24375888136734], [80.62366850779546, 20.327908234777283], [80.59293425421254, 20.394073943257922], [80.62925752271656, 20.60558435313544], [80.52638369435209, 20.586314545479922], [80.48844185300919, 20.61864085179394], [80.58524476293553, 20.68031890729179], [80.54210592834596, 20.932428436623127], [80.4658864037346, 20.929175038397375], [80.43053246140403, 21.010459790287143], [80.46407944181283, 21.173487805318018], [80.61030134912801, 21.228135260533918], [80.67983642611023, 21.298972232982237], [80.66342402359987, 21.331383496451224], [80.73716431787904, 21.472528675058356], [80.73325321486402, 21.731117745087943], [80.74699295186332, 21.756553498045548], [80.81816714489787, 21.74763782072887], [80.84817370485263, 21.856460994479335], [80.82544623505578, 21.956634322416107], [80.85036044867581, 21.958270468007754], [80.91314083108455, 22.114141349044075], [80.95758576906803, 22.11274097151869], [80.98591729854456, 22.048178457469874], [81.01135122228112, 22.069879254024386], [80.97788535892221, 22.114417794345798], [81.02288666248955, 22.132493497476958], [81.02656027253863, 22.228835504854715], [81.09180526410171, 22.246428703721733], [81.12098886974059, 22.294024540600105], [81.11717398788926, 22.440544539898667], [81.17786434856089, 22.48741896581265], [81.23077354736137, 22.451125764342578], [81.26768615958866, 22.493064007597923], [81.31120928258241, 22.481308513177396], [81.3301926489716, 22.52384889121339], [81.38599326078042, 22.50489663776966], [81.40379597560383, 22.44102214645494], [81.52271439545302, 22.536425607855563], [81.62921313827576, 22.54359249589703], [81.68594930131928, 22.6485503457219], [81.77011964130844, 22.66332267170401], [81.77681833060154, 22.872954398726563], [81.86854199641607, 22.893450283603784], [81.94770395527337, 22.956583482641634], [81.9258973651713, 23.040325776813177], [81.94558317942023, 23.077122997928086], [82.1357487327179, 23.111558566974338], [82.15001013855709, 23.2269966536727], [82.1970124858376, 23.283854343902874], [82.19507407450897, 23.32143835849348], [82.12202866299248, 23.353136436197644], [82.1060652587048, 23.39672502803768], [82.05682334682007, 23.377735583130686], [82.0235608327663, 23.42243611293634], [81.98646836152574, 23.410427750740155], [81.92396183706916, 23.530781181006773], [81.83478247922807, 23.509915006572328], [81.7368478921166, 23.56358720728383], [81.62479543276305, 23.493345915181862], [81.57733053177867, 23.58696134898713], [81.69495953875179, 23.719601515797365], [81.60616512581998, 23.85169373377886], [81.6152990434162, 23.90122527772445], [81.66935283366638, 23.923582195362087], [81.78036458855496, 23.812409326928957], [81.86067339256306, 23.822586860095555], [81.92420060707241, 23.871253619558956], [82.00849089953545, 23.861482367717144], [82.05313444020231, 23.81903165388775], [82.17747695100053, 23.823220079043438], [82.21164992250596, 23.85153021184982], [82.22881795248657, 23.80867560709362], [82.47124121950674, 23.809668557557927], [82.52392879837538, 23.783130599097944], [82.55224091328756, 23.79310589362217], [82.53508160852948, 23.82293105222635], [82.65974605143919, 23.855422927326288], [82.66248541696848, 23.905146659091088], [82.80456082642104, 23.960337635773328], [82.94652384759752, 23.875016684272623], [83.1350890240393, 23.88931851014121], [83.19725342480575, 23.920404340188213], [83.33127145731197, 24.100525260332574], [83.43305939477528, 24.083060190575395], [83.45525673491045, 24.0418520628225], [83.51727024202813, 24.024849747318058], [83.5687753922706, 23.862652259794004], [83.70287642500705, 23.820531961380937], [83.73686312982966, 23.754707538422224], [83.72216694674728, 23.68260496624623], [83.78228141755346, 23.59972804921017], [83.94259880938762, 23.56344903364601], [83.94651747660032, 23.62299323894689], [84.01434178674413, 23.63268280266925], [84.02995087523277, 23.54474175193036], [83.9769952965957, 23.44827241943665], [83.97414308863267, 23.374924375259752], [84.0137483034415, 23.35355538807073], [84.05060648150396, 23.374772460880422], [84.0774427172077, 23.330829018144698], [84.04082053294132, 23.139529256969695], [84.13356191564992, 23.086389474694556], [84.15506471116754, 22.965301334289222], [84.1969796997534, 23.02509900811276], [84.22408911801841, 22.977949293425183], [84.37749154529865, 22.976668822508202], [84.39323491156199, 22.91853054984506], [84.29224709013118, 22.765218734656912], [84.23233922507524, 22.737010874552254], [84.22173816248625, 22.666513548161788], [84.0873943910384, 22.63842659740959], [84.01208562874882, 22.571484311751647], [83.98313247978018, 22.504220586810675], [84.04855312782468, 22.466223425470787], [84.00819173785845, 22.371901695606823], [83.86806101430443, 22.34594302734888], [83.75273891586835, 22.243443605637935], [83.65285897646066, 22.226750161390896], [83.56440370326834, 22.102268388775144], [83.60743668945173, 22.067890626351357], [83.53960153438334, 22.036419383747614], [83.54230457809388, 21.965985160986463], [83.60759025678499, 21.913474310591027], [83.59158444226824, 21.8463339618429], [83.53837644101998, 21.834605858073928], [83.5436869224136, 21.796707195880458], [83.4984860889619, 21.81136857430033], [83.47431896464855, 21.785471992538476], [83.49126984702588, 21.744379999637317], [83.42691572388162, 21.677875120840213], [83.49168078234231, 21.62856474446744], [83.45587042957675, 21.61122615446351], [83.44838729673643, 21.652200677019664], [83.38788352380561, 21.615686491438453], [83.34181409274623, 21.498645380280152], [83.40984202828702, 21.351845333895085], [83.27724240920986, 21.378281546656126], [83.27491881465164, 21.272005288013702], [83.23212714535151, 21.270354466385584], [83.20001357366755, 21.143018360708822], [83.12711770591744, 21.104636647463337], [82.96337088435888, 21.178766413838957], [82.78942109860486, 21.144182493527296], [82.64327972467959, 21.15244394643105], [82.62967202614317, 21.03974896734104], [82.49052767091536, 20.90292826692604], [82.46986113967989, 20.830947739046962], [82.42293021205967, 20.82980035250432], [82.35400150026908, 20.887002525346304], [82.34253094614633, 20.761884805239617], [82.37496616125941, 20.63319900782801], [82.33145848771909, 20.55759385507241], [82.43663928127785, 20.42980692464988], [82.40127642666579, 20.33969640426568], [82.43585345996928, 20.294161154313883], [82.38647065219891, 20.149143485083812], [82.39842490938213, 20.06427706983095], [82.60595782289528, 19.990697827942483], [82.70819668672777, 19.99802412351454], [82.70607393236617, 19.832321815199634], [82.65336870340298, 19.830779687432653], [82.59271396397833, 19.77649497466342], [82.57944502476812, 19.83313347942658], [82.60500153419349, 19.865756134837795], [82.45001092666297, 19.908010948446588], [82.34709545429183, 19.83501541872664], [82.23821695155112, 20.00269516355098], [82.19177802053929, 19.98574083317294], [82.06545880348108, 20.054187243946217], [82.0319735048734, 20.0143982247983], [81.95173270759841, 20.105696138066378], [81.8677114194465, 20.02749704825021], [81.8448542026594, 19.954322700931925], [81.86598908462861, 19.90391434676974], [81.96797649082242, 19.859299162626314], [81.98778588720899, 19.800472931080947], [82.06748105230878, 19.787913600132583], [82.03014038616993, 19.507093986098653], [82.09980936051363, 19.515202472416206], [82.12708603829009, 19.429462088804428], [82.19128419740787, 19.41811396568704], [82.14897226605729, 19.37147644548162], [82.19100588061696, 19.325535348577546], [82.15959424687708, 19.27136121374906], [82.18669222576568, 19.164996505884062], [82.16770026095833, 19.1326535153475], [82.22004885027428, 19.096852452578673], [82.20204825312442, 19.06657020904794], [82.24758022145011, 18.917146808778227], [82.17879819358183, 18.898236566264586], [82.16923009049634, 18.79776866539163], [82.09938594980179, 18.76298660464812], [82.086705570106, 18.718958154395352], [81.98415767313816, 18.70192400468909], [81.95559130729305, 18.63568864371598], [81.90129833784806, 18.66062875781097], [81.89652624818785, 18.62779642276672], [81.96270682246194, 18.593670805962972], [81.95510335043934, 18.56613599937691], [81.9167832065798, 18.571184369762932], [81.77033613150729, 18.418352527247407], [81.75319790326068, 18.352500844038786], [81.66635813711838, 18.346330294207746], [81.66865304060542, 18.322850650337273], [81.53623697315783, 18.266104965272007], [81.48511855297892, 17.981396781636192], [81.44575192651024, 17.883582936603318], [81.40433265053144, 17.895114399110298], [81.39350610632181, 17.814285493780574], [81.26252132789705, 17.81962363112575], [81.16796146474985, 17.859916090755007], [81.08200550554972, 17.793575265386266], [81.04083408002884, 17.79694880584276], [80.95211496553327, 18.087566410361603], [80.98178743004593, 18.17456872536644], [80.87007678321703, 18.139007267171678], [80.87550657676718, 18.213461299399512], [80.83217934140356, 18.239670719328274], [80.8059423761398, 18.17246963126854], [80.74251570133862, 18.17779276972061], [80.7412035706883, 18.22478353463248], [80.79605505779472, 18.260050439676093], [80.75249524246152, 18.308032966148517], [80.73659305232758, 18.409446728084106], [80.64035842580074, 18.52415424332372], [80.49591251854793, 18.6316478980321], [80.3492878804314, 18.591234931047268]]]}}, {"type": "Feature", "properties": {"ST_NM": "Maharashtra", "ST_ID": "IN-MH", "ID": "MH"}, "geometry": {"type": "Polygon", "coordinates": [[[80.66342402359987, 21.331383496451224], [80.67983642611023, 21.298972232982237], [80.63910897969572, 21.24801486699255], [80.46407944181283, 21.173487805318018], [80.44542653670538, 21.12210950984604], [80.43053246140403, 21.010459790287143], [80.4658864037346, 20.929175038397375], [80.54210592834596, 20.932428436623127], [80.58524476293553, 20.68031890729179], [80.48844185300919, 20.61864085179394], [80.52638369435209, 20.586314545479922], [80.62925752271656, 20.60558435313544], [80.59293425421254, 20.394073943257922], [80.62366850779546, 20.327908234777283], [80.38981539316592, 20.24375888136734], [80.41890605836795, 20.204350943641202], [80.40072178188478, 20.146230539607757], [80.50497036249232, 20.141262665739475], [80.55316170884583, 20.068222490975245], [80.52739929963803, 19.93358853798071], [80.45065715650264, 19.955254604516426], [80.41322921025989, 19.935072463423523], [80.40960421036607, 19.91220290793791], [80.48964303609728, 19.901613067988762], [80.50454607853874, 19.871534805986585], [80.40711998340055, 19.79642619681158], [80.48513152589925, 19.77533334645682], [80.46656136741325, 19.814170730894546], [80.52485263544082, 19.83174208792707], [80.5573047209362, 19.76757788181385], [80.67302461919087, 19.69550057699007], [80.66923773773146, 19.612160383195203], [80.82692843829687, 19.5691044669976], [80.88641196364125, 19.52287491434589], [80.89946563393192, 19.46963946488944], [80.795281623748, 19.430600920096424], [80.85023699244329, 19.37018384360954], [80.75663214725586, 19.290830745542507], [80.69089760164309, 19.29092867361942], [80.68654716092277, 19.32808331948968], [80.61123875836205, 19.315642400476463], [80.56656391948934, 19.401215190928383], [80.38633388190317, 19.23632466914819], [80.38830338998952, 19.184544075448798], [80.33200963943335, 19.145345407264756], [80.32930252898859, 19.078794120752093], [80.27490708719239, 18.99132721417965], [80.2776780153282, 18.92902632960147], [80.35355348720373, 18.815485930231546], [80.2494338226129, 18.76411571786616], [80.27484775891702, 18.722436820203143], [80.19621443324957, 18.680020080962038], [80.11375566139469, 18.68184528743012], [79.90091823259041, 18.834638759471204], [79.94594388889942, 18.862689038568305], [79.94135590125387, 19.02521292783439], [79.92295471099118, 19.05081071614171], [79.86637339411692, 19.038034974134803], [79.8648143357131, 19.107389617436922], [79.94752624154285, 19.167684516527288], [79.9269484491117, 19.229569167882858], [79.97980447010025, 19.4039524763258], [79.95171799059284, 19.461632858269866], [79.79195202166852, 19.59598749352807], [79.64610313874891, 19.57725548495273], [79.59769678607785, 19.504045950760087], [79.54895834705013, 19.550705022318994], [79.4766576416369, 19.499624796347348], [79.37511748268571, 19.573177895843287], [79.32028620694297, 19.567420636653083], [79.24302297592965, 19.611234318009394], [79.22465951132745, 19.46644676550585], [79.19494718796238, 19.460623502372812], [79.10239996618554, 19.53218472764314], [78.96013864887959, 19.553351089481225], [78.97452983498397, 19.650617441641657], [78.86422796894567, 19.657568248675773], [78.85101621132912, 19.759449287554617], [78.72167787933074, 19.767760561101056], [78.6086960048168, 19.818272674544346], [78.53119452360846, 19.822350564027374], [78.49880796271736, 19.793851902743143], [78.31477697647637, 19.913107003585424], [78.29868323794113, 19.849991287368084], [78.34363145542738, 19.839676552730793], [78.37242128841177, 19.78167074301041], [78.34994092443418, 19.714241056279775], [78.27427275798146, 19.663800826546947], [78.3156118441114, 19.604954734373564], [78.28369310875001, 19.559017718592884], [78.31355647325267, 19.457404437564776], [78.18660766780965, 19.412703179308323], [78.18780651266047, 19.24270611719362], [78.06182355481326, 19.240803621190196], [77.95296227498903, 19.342091556280366], [77.86475146450852, 19.30291769769366], [77.909692653793, 19.26808524164062], [77.87130563814475, 19.256116676243664], [77.84608860930194, 19.087824539870667], [77.80405953092264, 19.099874435456854], [77.80099754440118, 19.052367727688534], [77.7654416718957, 19.063055783497646], [77.7611313373414, 19.029601889215883], [77.7711439231536, 18.98254380735085], [77.85769248881735, 18.953536830360463], [77.84443472548224, 18.912596430780695], [77.88559619820603, 18.909862392835237], [77.9467175005123, 18.82380574104218], [77.8414094519847, 18.80888327864045], [77.79033069100865, 18.68566456426828], [77.76148820181913, 18.708563277573262], [77.73665481206996, 18.67749961041875], [77.73175433159719, 18.55321188452092], [77.66125019464084, 18.528835475376923], [77.60082725817148, 18.549085840838927], [77.60464605117437, 18.475858332795895], [77.54999870387712, 18.467328768607842], [77.5862009398216, 18.444740360079606], [77.52937624571723, 18.428989364867334], [77.55869524339084, 18.419533115860645], [77.52295334432142, 18.350989005438294], [77.57379984278856, 18.3100227782287], [77.51187812227755, 18.303958240480483], [77.46875610590962, 18.261757737829384], [77.43964937971515, 18.30819318846494], [77.3656374128364, 18.309923577611073], [77.41331064087342, 18.390105536741203], [77.37285755962876, 18.402231230786697], [77.3727248592649, 18.449113421447294], [77.34510038037831, 18.431743704108726], [77.32036977594447, 18.45519056139534], [77.24302706914398, 18.41004104685686], [77.20895456809887, 18.279489274910134], [77.18054005547924, 18.283344414013527], [77.14212979505407, 18.208793682182716], [77.09806589982145, 18.19662981911091], [77.11145830605602, 18.154287175912486], [76.95629197549431, 18.18631226419967], [76.92468182090937, 18.117587279429472], [76.97051986809748, 18.098648108423504], [76.954287516156, 18.039313145685185], [76.9198617227404, 18.034808229316354], [76.91861605019062, 17.91681315060646], [76.80468323884048, 17.869999247267515], [76.74238128137108, 17.899597210143156], [76.73918846147836, 17.858692551420177], [76.79004838862227, 17.828180013996473], [76.71413963373715, 17.776800998167573], [76.72934856528411, 17.738775277057414], [76.69219955456583, 17.681754240266002], [76.61587285055168, 17.769943959845932], [76.57074169387414, 17.705414262957902], [76.56104345798923, 17.764742313506986], [76.52487076117677, 17.760457288573036], [76.52482188482219, 17.71684919313583], [76.4874491200809, 17.715113130166856], [76.49038741384811, 17.66232465815648], [76.42964470813683, 17.646044328283153], [76.41659192817502, 17.60586368046455], [76.33232959383577, 17.596474554157396], [76.36720421460285, 17.518430737688448], [76.34669168507327, 17.493336036429014], [76.37313453393165, 17.48754260470747], [76.33150696957102, 17.47057122138483], [76.33439154413452, 17.434069362810874], [76.37401898838567, 17.436246904770883], [76.36283843684447, 17.376959452316896], [76.40903402030386, 17.37121472697811], [76.3826304556311, 17.313774242787133], [76.35310287819533, 17.312539231700214], [76.34440210917006, 17.35183033040545], [76.27647814784831, 17.33239137196432], [76.244838249086, 17.376463978030188], [76.17259569113827, 17.350490917022228], [76.17605347468816, 17.299025157085396], [76.12130911662251, 17.368045331726705], [76.07872211773162, 17.33176631436396], [76.05442658641789, 17.355964637957698], [75.93065003337239, 17.32572225957466], [75.8930354085573, 17.355177580980637], [75.88656977947181, 17.418812586431784], [75.8641323455314, 17.387944414802973], [75.82110309243382, 17.42111925484977], [75.7900484976401, 17.37445146256499], [75.73586424363998, 17.423288435812708], [75.68986474026559, 17.413974661001873], [75.63406131987409, 17.478787422201833], [75.61422579368548, 17.39320361505486], [75.57683714062159, 17.384264991536156], [75.6043801517227, 17.3046829809349], [75.65850302969113, 17.262941542618137], [75.62655076940257, 17.171691198090343], [75.67280507049765, 17.11520335854823], [75.67715156319412, 17.0645718223318], [75.64236694208074, 17.038116852410838], [75.6709719598881, 17.03746867234139], [75.67012034148064, 16.960346900189336], [75.5741895383166, 17.00950244658071], [75.56873761065225, 16.965357877663962], [75.49112079229081, 16.94689643462283], [75.46592363216996, 16.986986987459545], [75.28197389967579, 16.955145006536895], [75.28014647368087, 16.875908612592468], [75.22717015577814, 16.84258644291009], [75.13794385512489, 16.875129484038496], [75.09076266866231, 16.94873884692032], [74.93438145474039, 16.942440950389596], [74.96338984456571, 16.90687378779512], [74.9078616499952, 16.857454984659853], [74.91978719542277, 16.771542401560623], [74.69325209360932, 16.71676155080496], [74.6554153839129, 16.639193291337392], [74.68544095733438, 16.60610503352052], [74.64257788366245, 16.609710262718522], [74.56859909007602, 16.55362885558725], [74.54587187208926, 16.634803663558273], [74.48970145006194, 16.629253225056345], [74.47148521077389, 16.662335875600206], [74.46654412051481, 16.606399628939755], [74.39727898044066, 16.580269641630707], [74.37914693838059, 16.529039162327535], [74.325609501977, 16.555308321521863], [74.30751685112182, 16.503742672985993], [74.26475814916932, 16.540276577102418], [74.26197513774247, 16.477683195223335], [74.29323360884405, 16.504271219840973], [74.2896279119986, 16.460684851125052], [74.33239362866311, 16.45384130443273], [74.3623599763319, 16.39289922531907], [74.31717386478209, 16.355367569257965], [74.33060460731684, 16.267535288822558], [74.415154258862, 16.28240722731175], [74.50767421049648, 16.20313523820073], [74.48338793680392, 16.089302084323776], [74.42863061950754, 16.112564615664553], [74.36475767232878, 16.061528635438208], [74.37238948378769, 16.038604072919668], [74.4645046658577, 16.04255042036567], [74.3857789501385, 15.903236498865397], [74.40625519831883, 15.85975743905459], [74.3467194745242, 15.861333712281066], [74.38337647244629, 15.838425556993911], [74.35868458472584, 15.775816087142744], [74.28566523376361, 15.741466531055607], [74.21054094940536, 15.78086638657453], [74.12760370674573, 15.724308586971745], [74.12635796494817, 15.680553553104062], [74.0906155487686, 15.668122802725236], [74.11547627251201, 15.647398840783922], [74.02019627723644, 15.60679362122869], [73.96796066525258, 15.63109523195942], [73.93716281790978, 15.743612388101269], [73.87739517244933, 15.749341168460205], [73.85686625727203, 15.799589106052451], [73.78860751342609, 15.727179129413344], [73.65997185951375, 15.745162531525636], [73.58952575041309, 15.91017062707283], [73.48759193212203, 15.974947943292989], [73.47078203196526, 16.129627584145737], [73.37260804352644, 16.362868335105645], [73.40212407906307, 16.399627773902694], [73.36976099767196, 16.393796814371512], [73.31923675597159, 16.512830714366032], [73.34420866289952, 16.57455430613635], [73.31997220085645, 16.599474846487], [73.3988316664483, 16.61954831979915], [73.33548887051501, 16.619190411208535], [73.33972731146633, 16.68642850906849], [73.30436449642445, 16.742830644118953], [73.28479726318318, 16.948307342310045], [73.29467572860204, 16.974927043748096], [73.3321349262859, 16.95000331260286], [73.25788218751302, 17.04644302322697], [73.31209351380465, 17.07360855019448], [73.20387368532238, 17.280235444410266], [73.24293674743302, 17.319805850059993], [73.1706676891626, 17.399231305780177], [73.19457563335885, 17.463918263517087], [73.14461757334237, 17.5491464724318], [73.1601023116724, 17.59082564528734], [73.1170883263652, 17.693145004738255], [73.1380809787542, 17.7186395697604], [73.00781495739443, 18.014378580407197], [73.04175962160929, 18.048735259124953], [72.99231597200458, 18.049592410161665], [72.97622100229745, 18.199153568582346], [72.93200296506484, 18.219773996073116], [72.96217856698735, 18.315565619257995], [72.91339932391969, 18.359333573685547], [72.892071030154, 18.45926632937767], [72.90676901367908, 18.53621202686361], [72.93142331873122, 18.541351375365707], [72.86770320953553, 18.620409126180277], [72.86494820209788, 18.804341015225702], [72.80619726539152, 18.908685256719252], [72.82227693852997, 18.943148463730665], [72.78764245203757, 18.944894729508235], [72.82019978699066, 19.018710090198567], [72.82204222087188, 19.10973014532999], [72.78363486345825, 19.125174714541515], [72.7810287531745, 19.160300987200856], [72.8000844367474, 19.330324379666422], [72.75758399400615, 19.373679844749063], [72.7486520713361, 19.48592776545405], [72.70959288260548, 19.553075877150036], [72.71422948130555, 19.686686607600905], [72.67607119652854, 19.714047960145308], [72.67092226035408, 19.761884990699798], [72.7223905482852, 19.81341880143657], [72.65500517384976, 19.812126368637053], [72.64441577187046, 19.83899715719309], [72.67276757656248, 19.873326148482988], [72.65083841516076, 19.936311648263995], [72.68433596523266, 19.960361817543912], [72.77258213795534, 19.897262829615954], [72.76002450582632, 19.981494364873072], [72.71954064168733, 19.979002821023414], [72.70423365435971, 20.081041500265087], [72.72927533698726, 20.13680666979201], [72.79032555777832, 20.125744353918833], [72.860785369849, 20.22316396494506], [72.95973828359496, 20.212790248271403], [72.96245338361683, 20.131283125515893], [73.00688603686115, 20.135380675977444], [73.03472427020898, 20.072177282155906], [73.08817538248798, 20.09399034288009], [73.17145909795909, 20.051850668573536], [73.20656615030765, 20.12215606165296], [73.2842393435709, 20.153926563560105], [73.30186746760961, 20.20721752097188], [73.41802779624584, 20.201441725855034], [73.42824909761782, 20.281949000346117], [73.38260402065907, 20.390033504242865], [73.49259257728568, 20.539887547572334], [73.39430190810663, 20.642327165266522], [73.45056584164035, 20.713952152469915], [73.47458203992926, 20.716833578506908], [73.49039620801864, 20.653033137369448], [73.52250137823609, 20.672677123250708], [73.58351868204159, 20.644611420780507], [73.65834686911279, 20.562260445263405], [73.74102749022654, 20.566724983870984], [73.8396414521913, 20.622752849864185], [73.81586559771921, 20.693053471140843], [73.94324881078404, 20.74138944736518], [73.90025327686732, 20.982157330496477], [73.79619851095259, 21.04500565938372], [73.81131902025663, 21.083801853073112], [73.76376373111134, 21.067362641772547], [73.72912968168953, 21.102376739295153], [73.6216880212852, 21.119417593447224], [73.58117419982949, 21.167199935328824], [73.6061474692304, 21.175327794841905], [73.62942168186521, 21.1319148468927], [73.81626907945451, 21.170943485653368], [73.82601114919521, 21.26643380357723], [73.94277975947836, 21.296377138494222], [73.95638872965623, 21.39188542397318], [74.04154166441634, 21.417193841922312], [74.06533522294222, 21.47848405759322], [74.11584107350677, 21.448289935032506], [74.25869683009466, 21.464146546625898], [74.32346265837504, 21.49412010146159], [74.33133347366095, 21.538569728510197], [74.30703679751025, 21.564398521174837], [74.20233249984506, 21.528214698849297], [74.18019719854192, 21.559232941247274], [74.06318683250635, 21.557966033006096], [73.85500973101432, 21.49467194705278], [73.78172335874609, 21.623944467563206], [73.8800932716872, 21.643821783448573], [73.890931408158, 21.699012148591862], [73.8049647308377, 21.82213630464679], [74.13379800227602, 21.95172619410863], [74.20144231131366, 21.923770898708085], [74.28759795867893, 21.934783577400253], [74.4321872187652, 22.029028359471283], [74.44830832097227, 21.96554309653675], [74.52427805169077, 21.906779989305107], [74.50880480759582, 21.72218525134832], [74.58646805076, 21.662715643012575], [74.79831370721189, 21.607776011553767], [74.89947563109558, 21.628098875862463], [75.05572219672206, 21.562756744028547], [75.10469478053977, 21.467486903897566], [75.21815277682924, 21.408712556939008], [75.5472995393423, 21.370247266098488], [75.8881367132388, 21.39730423859976], [76.05276937600593, 21.35040138781386], [76.09917935064658, 21.371609510570522], [76.1733169042518, 21.18613002408142], [76.11439274462953, 21.1625036072557], [76.13613533897478, 21.124098661823837], [76.16917544169331, 21.083744258690615], [76.28255130919564, 21.073254611311313], [76.45389963775813, 21.112806017883486], [76.49248438464667, 21.19568930211966], [76.6249854299337, 21.190544927306576], [76.66279600713005, 21.28022596655518], [76.63033924066349, 21.337524320091347], [76.78623998009107, 21.464154653114804], [76.76498383533578, 21.520254672615124], [76.79750185552626, 21.595078504269622], [76.90346766729908, 21.598378030521758], [77.0717640026067, 21.719302172357402], [77.1743592236993, 21.724776474254952], [77.21038144594701, 21.691564906795065], [77.28627014684986, 21.721778181318086], [77.28018571879596, 21.757321070311207], [77.47482832656607, 21.768822885767634], [77.5457464592318, 21.698700422886247], [77.5745454194356, 21.560457736935064], [77.61073313672495, 21.540643393377934], [77.42680808792295, 21.540351252208552], [77.49037584926612, 21.37574422641495], [77.53058014205999, 21.41900241542919], [77.60503154377079, 21.363331896849616], [77.60420834933592, 21.387160581095998], [77.67367242754057, 21.371010402008494], [77.6919725007304, 21.394800368642166], [77.70895432608137, 21.357199257040122], [77.74213651628725, 21.364762350402202], [77.80324514174993, 21.410421172599058], [77.94285919399664, 21.385132206985816], [78.17381210564423, 21.496734006169504], [78.1854433155566, 21.556833354875494], [78.27389581883705, 21.568917873461146], [78.27571825359456, 21.591141359586118], [78.36572557227737, 21.57655757916899], [78.38430498298862, 21.61687647257122], [78.4274124699096, 21.600219694583302], [78.43493478890946, 21.50015123748966], [78.51351725611653, 21.526848743774565], [78.72938875198935, 21.463037347995282], [78.75172339881584, 21.49250879604415], [78.77745847762668, 21.465823644645525], [78.78989593874661, 21.487813913181583], [78.937275119751, 21.486190780779964], [78.91869304794585, 21.591000883683876], [79.00000879946657, 21.617425221796623], [79.09374288532598, 21.59796083052794], [79.15355651582058, 21.659261283181706], [79.22239658773242, 21.64900158075841], [79.23449704949928, 21.722657461073027], [79.3232266635797, 21.68466576041658], [79.4946249953473, 21.673121758662262], [79.54271422997778, 21.54344203951854], [79.73888584440624, 21.601854498386444], [79.92221832811339, 21.524076295784482], [79.9335938562715, 21.553299556129673], [80.07008129581521, 21.5542803405653], [80.19482432148533, 21.633898334840353], [80.26689847688328, 21.619934082991563], [80.3773352061549, 21.520998473101088], [80.4180571577117, 21.438407706850228], [80.41117866696197, 21.376102993858126], [80.49227603341228, 21.39797497996142], [80.60002584921364, 21.325351045614298], [80.66342402359987, 21.331383496451224]], [[77.29394957291453, 18.45824988592352], [77.2748991449796, 18.4748583622237], [77.26833200491814, 18.45297080795649], [77.29394957291453, 18.45824988592352]], [[74.30910680123793, 15.79856310010706], [74.2897467331253, 15.83079594707533], [74.2655200521088, 15.82146516518526], [74.26523309643034, 15.797056716794089], [74.30910680123793, 15.79856310010706]]]}}, {"type": "Feature", "properties": {"ST_NM": "Manipur", "ST_ID": "IN-MN", "ID": "MN"}, "geometry": {"type": "Polygon", "coordinates": [[[94.68084738989518, 25.45317466487893], [94.5835676549234, 25.20923735232202], [94.74357017072685, 25.12958755172417], [94.73999759141577, 25.018171706259295], [94.70090383724238, 24.971269256570963], [94.71678207932956, 24.9353778560033], [94.63890341346183, 24.8418138058625], [94.60841947807648, 24.715185270583845], [94.54862675142351, 24.709774146060056], [94.51834744058198, 24.6100530179325], [94.40098531462064, 24.481300435067055], [94.40497721722488, 24.42470330361465], [94.36285549338635, 24.39327271936054], [94.38356616514648, 24.378143290580454], [94.32384202528931, 24.33262167884743], [94.15867286386163, 23.846763909327024], [94.11988459679674, 23.836822434707642], [94.0934137412512, 23.887749132016893], [93.95133261840567, 23.944782565962726], [93.81369928609325, 23.924774394222993], [93.74446523917948, 24.00366592424308], [93.6256623192607, 24.010649163528115], [93.60728111732976, 23.96892024197564], [93.566895101228, 23.984240972742725], [93.51317275521853, 23.942878799217283], [93.47035908670256, 23.966485440850477], [93.41374358030203, 24.075167570327153], [93.35226410500451, 24.093770392189924], [93.33577796618027, 24.049528908732213], [93.25375259740451, 24.02010524346224], [93.2465637191404, 24.081670810859293], [93.21527939342934, 24.04645825274622], [93.14657149667727, 24.084638086178757], [93.09960923038176, 24.053049042279554], [93.07825977556826, 24.099672639180994], [92.97527857804403, 24.111750098088635], [93.04241283388524, 24.340161991482773], [92.99964554790375, 24.400128698280867], [93.03826728750539, 24.407904368891536], [93.04064058219717, 24.511364601994842], [93.09649386010364, 24.57920915947517], [93.07524475434201, 24.707115750991193], [93.11213980730633, 24.79887475566551], [93.19242187267133, 24.802731656540743], [93.25267601448655, 24.91523478595667], [93.24835524240058, 25.015239320138562], [93.33528825025263, 25.092137422803887], [93.40319953383147, 25.259289729637374], [93.47362539649492, 25.305372170289502], [93.50463522213784, 25.24013454597258], [93.5541516781575, 25.24643638243316], [93.60733391562775, 25.19783068333942], [93.6921875991784, 25.3572687333654], [93.80841761807869, 25.46108039184668], [93.80707004334789, 25.491063268155358], [93.7653064718163, 25.495495876333678], [93.77138328890771, 25.536413077001953], [93.96458028954879, 25.551789992014562], [94.00974973845973, 25.59054585380818], [94.09129253192486, 25.527644621402203], [94.18187862369956, 25.54798173007282], [94.22196054574266, 25.491362300829564], [94.31240829750499, 25.488835832707537], [94.4190991705903, 25.536818536346402], [94.42888762736214, 25.586902548214084], [94.49226634491595, 25.608378312808952], [94.57187254008574, 25.691584800797955], [94.59575855341456, 25.680778351040146], [94.55603783417877, 25.506574921395554], [94.68084738989518, 25.45317466487893]]]}}, {"type": "Feature", "properties": {"ST_NM": "Meghalaya", "ST_ID": "IN-ML", "ID": "ML"}, "geometry": {"type": "Polygon", "coordinates": [[[92.46372763362348, 25.03496338345343], [92.06522335987023, 25.18725996837287], [91.74968347031597, 25.171087081403755], [91.64504305239501, 25.12374562406137], [91.60589378576964, 25.17310327689478], [91.4739194877942, 25.13555020797577], [91.26762582836932, 25.206203842833133], [90.87231030057995, 25.15908999760535], [90.77798453186074, 25.181686595360134], [90.73496991433012, 25.15411731776004], [90.65427117957131, 25.18512477189074], [90.44744124181989, 25.143240148014456], [90.33457905537915, 25.191156602195463], [90.11521606307093, 25.223675689881247], [89.97506032397484, 25.30049074914882], [89.83768585252011, 25.295492519564164], [89.81854815167594, 25.388103389060234], [89.87938982867769, 25.491510906603082], [89.87066414213649, 25.5397898334341], [90.02230028113314, 25.608498025163783], [89.89956206553694, 25.744220129055748], [89.93761116362435, 25.74464107202789], [89.94876069844753, 25.824531230831667], [90.01247117770276, 25.846855831331595], [90.00893971089897, 25.878696836489837], [90.11794247926207, 25.957388301528965], [90.18974957468316, 25.945497274779484], [90.36896731468988, 26.010145906108733], [90.43249327824225, 25.988846738686107], [90.48115460759914, 26.015035991317973], [90.5381945130664, 25.95777660720472], [90.52914090492885, 25.900777019244117], [90.58247578972595, 25.957755622424088], [90.63261424475166, 25.937137167146602], [90.6283627069734, 25.898607896737076], [90.68960239873178, 25.95047262740985], [90.75093957699994, 25.956949632019928], [90.74398204483555, 25.914848171705785], [90.78147134462694, 25.907897626374393], [90.8238559744737, 25.948012465402996], [90.88633361000814, 25.951297955935956], [90.92238699736208, 25.912833273936485], [90.91917868844575, 25.942678597139604], [90.94884046451591, 25.938622916414488], [90.97063162584891, 25.886668064679498], [91.03233842907531, 25.887487972092288], [91.00916054912011, 25.820240096803047], [91.19591973760589, 25.854556324015164], [91.18273529060122, 25.775658118327556], [91.22656973190766, 25.722727772868495], [91.33514926672535, 25.831297823435875], [91.48562357246993, 25.861975527648553], [91.57854183293932, 26.032106532090836], [91.63478759477175, 26.02135185180657], [91.61367671121133, 25.938879716026122], [91.6717441649613, 25.904284631530572], [91.72261428771924, 25.952918693442996], [91.73382476779886, 26.058063515019228], [91.82185819240169, 26.11752005350769], [91.87825170115514, 26.09643850942973], [91.87175985952996, 26.05557043692619], [91.92810568442985, 25.998381210724347], [92.18041812509648, 26.077888185491418], [92.30353466299437, 26.074718834306793], [92.1582531164882, 25.943165898387576], [92.1618132824571, 25.913550764756053], [92.22684408878371, 25.89990458872586], [92.15486011290392, 25.81110036329119], [92.17132512935132, 25.664709689200834], [92.22648387523071, 25.71221131040369], [92.3849580804511, 25.745475348808327], [92.43451137719836, 25.729419451946228], [92.43561469336345, 25.685485050994373], [92.49904703389353, 25.62482125989328], [92.55867841947355, 25.609754551631283], [92.57345304322342, 25.558147564858302], [92.65437558866256, 25.589800568541477], [92.64554423807618, 25.53505491365337], [92.57231681906603, 25.46178335501787], [92.59898292552168, 25.46931812872873], [92.60775559894182, 25.41619806139147], [92.6512502323124, 25.429254641888235], [92.78480048965093, 25.329897155529352], [92.7650139252525, 25.246720662628547], [92.80337424992177, 25.218802369833554], [92.67742959599912, 25.179695421706413], [92.62200551863981, 25.115283716770136], [92.52519101285503, 25.137770378700054], [92.53352489445837, 25.109875903550176], [92.4848401782317, 25.105868801504016], [92.46372763362348, 25.03496338345343]]]}}, {"type": "Feature", "properties": {"ST_NM": "Mizoram", "ST_ID": "IN-MZ", "ID": "MZ"}, "geometry": {"type": "Polygon", "coordinates": [[[93.33577796618027, 24.049528908732213], [93.33578614731289, 23.978917383730334], [93.39694085403727, 23.926267910036074], [93.40516726935408, 23.751579569541548], [93.44263259771628, 23.678318446639025], [93.3949699627936, 23.42934825721636], [93.41195853755653, 23.384005864179358], [93.36355707270081, 23.350604850933166], [93.39120269285007, 23.1347191250876], [93.29951665107262, 23.00470435991832], [93.13966969819808, 23.057377773565463], [93.12699164414914, 22.99759964560718], [93.16379903659634, 22.919243984722186], [93.09696580632698, 22.80738091359831], [93.10112983107689, 22.67111285737252], [93.14307912700019, 22.583075491041143], [93.10916388770329, 22.528865791623048], [93.18811917515984, 22.424173271479333], [93.20575625734546, 22.25802385351807], [93.14368923517014, 22.23825112698796], [93.15162108564465, 22.17533724741611], [93.05120771606329, 22.20063613884679], [93.0628628209625, 22.099485609373403], [93.0133341692366, 22.10303364528653], [92.99627333304795, 21.975653148174274], [92.95317653726744, 22.027697961791546], [92.90325322075961, 21.951514518880003], [92.86768078813793, 22.05873839675968], [92.70577359727378, 22.15183917283963], [92.68500291555216, 22.022357390880927], [92.62785839195129, 21.9835979776646], [92.56499162336479, 22.128235158126074], [92.60852508766271, 22.126538563703775], [92.61442179033344, 22.169100184625847], [92.5206268275661, 22.701218595461853], [92.48053904284262, 22.750681205473313], [92.44864352887583, 22.892659875752713], [92.37543249281538, 22.933729198543745], [92.39672215710192, 23.0513118067945], [92.3574108326439, 23.234173295761025], [92.40587878977436, 23.23824454465006], [92.38535950903417, 23.360075794862098], [92.33252965382053, 23.42951436109894], [92.2589068002087, 23.813382580441782], [92.2862810877021, 23.81511428889337], [92.27610339535545, 23.85126523650149], [92.32146700609752, 23.868062250272658], [92.33066331146273, 23.910026582860553], [92.31079486199337, 23.943868881743526], [92.33655824067034, 24.144936187754922], [92.29646594674608, 24.249918609756094], [92.42207930931272, 24.251077224334495], [92.43616204054581, 24.150393559914903], [92.48102265956817, 24.140822901855472], [92.52915982446638, 24.172594284198908], [92.5501897051908, 24.24363825360257], [92.61107028596496, 24.250971734757798], [92.62570239235157, 24.332055299312685], [92.6911588981647, 24.353883323856337], [92.76474816749402, 24.51816375815099], [92.83203772006476, 24.373560076536364], [92.91081274561179, 24.409938588595026], [93.02344899897219, 24.387274157676302], [93.02262635222445, 24.214379336936872], [92.97527857804403, 24.111750098088635], [93.07825977556826, 24.099672639180994], [93.09960923038176, 24.053049042279554], [93.14657149667727, 24.084638086178757], [93.21527939342934, 24.04645825274622], [93.2465637191404, 24.081670810859293], [93.25375259740451, 24.02010524346224], [93.33577796618027, 24.049528908732213]]]}}, {"type": "Feature", "properties": {"ST_NM": "Puducherry", "ST_ID": "IN-PY", "ID": "PY"}, "geometry": {"type": "Polygon", "coordinates": [[[79.74717300802797, 11.00034214317543], [79.85248976109364, 10.987980570447007], [79.84947962318614, 10.82700439193917], [79.81407206057719, 10.85141173596287], [79.82011223119457, 10.88664226792639], [79.72134610933551, 10.934091336346171], [79.7206976810532, 10.967048836334754], [79.76263956386487, 10.95864760180541], [79.74717300802797, 11.00034214317543]]]}}, {"type": "Feature", "properties": {"ST_NM": "Puducherry", "ST_ID": "IN-PY", "ID": "PY"}, "geometry": {"type": "Polygon", "coordinates": [[[79.67414087320282, 11.879940268928294], [79.69787402426687, 11.91898347580684], [79.70661186154825, 11.892727288433662], [79.73999485238056, 11.905901577595785], [79.6926337970122, 11.953571587858562], [79.70968962487632, 11.989336150742815], [79.65716675144449, 11.989913053244834], [79.67804711808009, 12.020502935062439], [79.76458041325554, 12.000475641937385], [79.73064646626148, 11.981743994889484], [79.75196779927455, 11.921566580533295], [79.81961818233333, 11.977640152770903], [79.84050475429103, 11.954588883869917], [79.80812622254717, 11.834093131392933], [79.76254153416454, 11.847208562625099], [79.77012441081297, 11.872338230425044], [79.74297487199283, 11.84678459163564], [79.71082516375037, 11.887714637320698], [79.67414087320282, 11.879940268928294]], [[79.77058328449107, 11.89403739650868], [79.78449939023471, 11.861950107511518], [79.78147355556018, 11.901777713870445], [79.77058328449107, 11.89403739650868]]]}}, {"type": "Feature", "properties": {"ST_NM": "Rajasthan", "ST_ID": "IN-RJ", "ID": "RJ"}, "geometry": {"type": "Polygon", "coordinates": [[[74.52874607427196, 29.94298794423827], [74.51464061447285, 29.907392734487132], [74.56313297021046, 29.865109810769184], [74.47458421159217, 29.787161936674067], [74.48123689156932, 29.743580444082284], [74.6147946123815, 29.75211419461442], [74.5793089931156, 29.585085997820613], [74.62063211807782, 29.519010290792323], [74.58769859761225, 29.45764612386955], [74.53781949897075, 29.448677946829832], [74.60434473482172, 29.327185264388504], [74.65042338663005, 29.32997254669573], [74.6588813998568, 29.371161147469024], [74.78474688106377, 29.35864499746873], [74.85850972494393, 29.40116289784953], [74.9361565716685, 29.362820621674416], [74.96198377433177, 29.27999987539397], [75.04891004895967, 29.28503571012999], [75.08700520132902, 29.23021352383512], [75.18909202397776, 29.266218903579613], [75.23255340581511, 29.232436988776044], [75.32858620289102, 29.290798003724944], [75.3241311908019, 29.233286874189957], [75.40504428706424, 29.2591244181574], [75.40984385371092, 29.186034413757227], [75.37022365979414, 29.139796996534187], [75.40529557832832, 29.125542191718807], [75.38961414387768, 29.067406038757724], [75.43926812152665, 29.06171885743936], [75.44368179987521, 29.013503088197012], [75.52008721345419, 29.00765526547815], [75.52546164653779, 28.972186914094834], [75.47587522865894, 28.92310145996447], [75.52204896938451, 28.83331152180932], [75.50712010201113, 28.784373209356204], [75.56407536688471, 28.611122447742844], [75.62842793959777, 28.595644424650516], [75.63740815945903, 28.542360530514145], [75.7865618395573, 28.453717480677255], [75.77856635485347, 28.40372534085185], [75.93072255380287, 28.36479645848982], [76.02701191666665, 28.276684881901815], [76.01941986603407, 28.237460357309715], [76.10108143026383, 28.150797786388807], [76.03587902429757, 28.168381243799388], [75.94399260817238, 28.08927731999239], [75.98499897482287, 28.079877235446133], [75.99243048837639, 28.046414697780108], [76.0392114981122, 28.079521073338924], [76.01797281099647, 28.032348764983567], [75.98221123116343, 28.0326141405302], [75.99692010817648, 27.999980883011403], [75.96418460313697, 27.99670859002947], [75.99469757043659, 27.98028281190227], [75.97084710371092, 27.932622150991506], [75.93124361200313, 27.92880484636663], [75.98506371521836, 27.90490157504769], [75.98302249699071, 27.860254933518434], [76.0957939742126, 27.863945560539264], [76.18064879000968, 27.802841742852195], [76.23110054455452, 27.836267570192263], [76.17761646312931, 27.905159095016245], [76.18745073856081, 27.968259727804252], [76.16186337069803, 27.98798713120118], [76.21156464908933, 28.025762596166942], [76.18546801493699, 28.054710008360246], [76.25932364636924, 28.06628881117973], [76.29831260794055, 28.02521001493028], [76.34503553406273, 28.024924222974562], [76.35881857881441, 28.07103473686368], [76.30571574338688, 28.09637076130167], [76.36402318392288, 28.123712361136597], [76.28747858766673, 28.174079922950114], [76.34438653291221, 28.172639529190974], [76.38523047031003, 28.133309840576715], [76.48090743802788, 28.144749718824528], [76.50632668033211, 28.101726591908744], [76.45703672036842, 28.08833001911512], [76.50611856282148, 28.059834280627626], [76.46414207139952, 28.041617481961282], [76.546990301861, 28.034161054489118], [76.55497502437794, 27.966397072666837], [76.66864086478415, 28.01397631075821], [76.65989417547587, 28.091714936894846], [76.80038897517113, 28.152080819474293], [76.81480512465686, 28.210725427536488], [76.87269762789327, 28.219429982707595], [76.9708006013667, 28.13870518919316], [76.92742256509933, 27.99231229287807], [76.9468280192977, 27.890666462687136], [76.90887796984248, 27.815848378599867], [76.89243470619681, 27.725603379892107], [76.92290519042228, 27.69548242347514], [76.89993215624406, 27.674588066086415], [76.97883617874669, 27.651763215000415], [77.00286830312973, 27.73665719537331], [77.08652296106584, 27.731889260580942], [77.03162310662111, 27.78178364320064], [77.04690736268469, 27.814627713498226], [77.10980436647839, 27.780028206136876], [77.18113352978861, 27.810817339948358], [77.18426726692087, 27.781709226999283], [77.20263060292007, 27.816424719924953], [77.24332039292187, 27.780263239456986], [77.27134468880638, 27.810550326736234], [77.3042495235967, 27.794263281625206], [77.31106979583444, 27.707618985827594], [77.34268791931208, 27.702310420889262], [77.35101098836645, 27.647407879270247], [77.31980501249137, 27.60608615095515], [77.35870939192495, 27.587782130640846], [77.34875118362027, 27.519150393875634], [77.43809014864149, 27.456385723522374], [77.44030057521144, 27.393506198951968], [77.58299454196458, 27.32100442491435], [77.62482632887202, 27.332567086701715], [77.60009154349001, 27.29482901284871], [77.6813648416142, 27.1946075451022], [77.61339301297721, 27.162753975515614], [77.59160417908964, 27.11497179101542], [77.51039880046432, 27.093539792827244], [77.52236597910672, 27.064747831147542], [77.57379202588135, 27.072319730671097], [77.56871638895024, 27.029961949184667], [77.63548872072795, 27.009798022960467], [77.67894052208749, 27.043173367756765], [77.71170179630093, 26.99457464920073], [77.7521041306012, 27.01799371293953], [77.74449090273305, 26.982480579814933], [77.43017800411167, 26.861415249814], [77.43619408279073, 26.764513551159496], [77.47193956565849, 26.763948510715238], [77.45590149875522, 26.74114958708384], [77.5010037224439, 26.76137467889839], [77.50573075606957, 26.842311718710903], [77.52843956223609, 26.81636741622333], [77.61636332890458, 26.828834602634856], [77.72383338899976, 26.875617602570344], [77.76148261702923, 26.931991478224177], [77.89828491911379, 26.88369356400682], [77.91778440732458, 26.90848818128461], [78.02235427702834, 26.902589334630136], [78.04367610107124, 26.868768323599284], [78.05057123377549, 26.909621407102293], [78.11112535345234, 26.904104312763877], [78.12333866934415, 26.94902928007724], [78.22441614868637, 26.948107209680018], [78.27075451750704, 26.917668668474334], [78.19858413285152, 26.877645394819183], [78.22233775428401, 26.842706068730138], [78.16927236123053, 26.82123370896852], [78.18439997158146, 26.78569618353208], [78.10359880314229, 26.7836466483742], [78.09615501654082, 26.68090988928003], [78.00023858454313, 26.696899246203316], [77.91151144539697, 26.66045208349692], [77.88722951992645, 26.61459392117257], [77.82817911347536, 26.594155744891737], [77.82068983197024, 26.549141160136458], [77.74696560857603, 26.53705178071516], [77.72152353068645, 26.498627448597915], [77.67853962680238, 26.50411741488682], [77.53013146669389, 26.40935932946951], [77.4348734049837, 26.401396357955605], [77.43953711644485, 26.35949616951268], [77.34166634792365, 26.351759173347205], [77.2011660155992, 26.230586318603798], [77.12024364372922, 26.226005506648846], [77.09113859387105, 26.181839000569482], [76.90149145926347, 26.092810709946377], [76.80066887207084, 25.939088695986584], [76.5907804866302, 25.862730994140122], [76.5346546035272, 25.793032882661464], [76.53180726719171, 25.726118008339483], [76.4875743416826, 25.71323893692744], [76.56923674587915, 25.437532276293553], [76.60749199286124, 25.38410813198476], [76.77519187260691, 25.30726560472391], [76.89848614621872, 25.317426105630318], [76.94710930295201, 25.27037713749496], [77.08100374252876, 25.334638064794888], [77.19618303491916, 25.306587475431684], [77.2888706426661, 25.418445825114816], [77.36729096570554, 25.407796774701467], [77.34225117525159, 25.32046881068709], [77.38065049812207, 25.3007304508497], [77.35546192113082, 25.26667370502753], [77.42379752013949, 25.18795497344331], [77.39645820278389, 25.183128995506763], [77.39236104262807, 25.116930405114147], [77.30839441257211, 25.0788724936707], [77.26778559482938, 25.11424920143952], [77.17499572787062, 25.10873886190899], [77.08246624881838, 25.053061999511726], [76.988793408589, 25.072649729201714], [76.88699029236818, 25.029236762366736], [76.87691895384671, 24.94977913519898], [76.95380547774067, 24.868063378722013], [76.8069111464323, 24.82182454776472], [76.84961797908653, 24.74741436198326], [76.96807872405395, 24.754788680453316], [77.06425515814908, 24.637695664023738], [77.05497410157358, 24.521873926540536], [76.97946357998029, 24.4603142299178], [76.91908405828269, 24.483045141420178], [76.91736261199503, 24.538933549543742], [76.81892562221975, 24.52976400260667], [76.85566494318266, 24.464528321724742], [76.84306481988557, 24.33810029029621], [76.94676243353956, 24.203884043613755], [76.90402563097814, 24.12670159420327], [76.8050413614697, 24.11595508785706], [76.75889881552797, 24.16769517968885], [76.70495494401553, 24.16705823574904], [76.6779945191318, 24.189044378195547], [76.69687997363195, 24.280593651975494], [76.5911829368431, 24.2416625240063], [76.58334994974047, 24.176326660447046], [76.52671895161836, 24.15885350578469], [76.4780787932018, 24.224348010652193], [76.41517023132116, 24.205246040772238], [76.33829317279174, 24.24966958748155], [76.21862672654225, 24.21258630461432], [76.18860563174457, 24.327255115731077], [76.12624661409001, 24.201219650066832], [76.13747409405426, 24.091161199929502], [75.96257746787592, 24.021367927587846], [75.97814788281858, 23.92897011647773], [75.7817862488364, 23.850875932578276], [75.70409707012374, 23.900252494557037], [75.72932155254767, 23.86071945124172], [75.68895790078653, 23.769598467895037], [75.58393474579196, 23.79669297540056], [75.56389037004459, 23.85446235425428], [75.45779279859886, 23.917114679498923], [75.51592944258977, 24.04501414388767], [75.58546286931602, 23.98817706342078], [75.67105533603501, 24.02972267166399], [75.70224842822245, 23.9652381162461], [75.76401595187474, 23.994080370712595], [75.78171513584488, 24.05817146104414], [75.83170996644185, 24.068006863326104], [75.83287384295352, 24.10397476022706], [75.7456014174715, 24.135678748275666], [75.7757774528672, 24.216924573910035], [75.82873749663821, 24.238556423939883], [75.81541888427415, 24.296651332193278], [75.76742694999382, 24.306675283637503], [75.73205357601177, 24.38550857356188], [75.79371351017039, 24.471129217839177], [75.8498825067723, 24.414876925130045], [75.91175731954473, 24.451992323686852], [75.89386016691321, 24.50543907515322], [75.9249197898165, 24.523100866212076], [75.92031380493819, 24.567286303020524], [75.83095100968143, 24.609214881261835], [75.84171956380686, 24.72568589778598], [75.76254732839652, 24.76066588672137], [75.61584702132302, 24.684423404216773], [75.5844074267614, 24.718721781684906], [75.45413261812587, 24.689373097390558], [75.21874154858364, 24.71878425668814], [75.19413868115527, 24.78513862224969], [75.2539412715725, 24.833483146530057], [75.22972533925304, 24.844101900582302], [75.20331883019992, 24.880564462380107], [75.22126144985606, 24.90284005342579], [75.25204940285772, 24.89200326683732], [75.22938843073155, 24.85548896434426], [75.28592624470048, 24.846307554450107], [75.30258913897762, 24.81151788184485], [75.41947064295584, 24.860050835677555], [75.42665305149717, 24.88888376597305], [75.31348478079803, 24.86570840771691], [75.26357359794326, 24.885961904618227], [75.29010670276216, 24.922521580606485], [75.27815653659496, 24.972997269708287], [75.31977584517915, 24.90346662998104], [75.32134163320984, 25.002732175049914], [75.35210531890539, 25.037911631816428], [75.16127134359766, 25.0418598165773], [75.16646590777549, 24.9880522634013], [75.1172798599776, 24.95758104622837], [75.12070902260336, 24.885495344434673], [75.04504330770254, 24.855778025335667], [74.94627849165914, 24.874571135649433], [74.90200261003247, 24.936451512527356], [74.83408655555013, 24.96424158987753], [74.85005490970639, 24.789451599012125], [74.87929720869926, 24.809933401405374], [75.02286627425923, 24.76944521692326], [74.99483230976335, 24.74935012840575], [75.00123840013214, 24.705105610635485], [74.88897086970991, 24.654480339096438], [74.8003894630034, 24.79249823410629], [74.77691528521228, 24.68295485268436], [74.8180231646374, 24.66852042357874], [74.7133860418324, 24.506215781832907], [74.85766436761651, 24.460106578256045], [74.75502778400511, 24.27595285344148], [74.89481997755996, 24.25849168943995], [74.88059741703722, 24.213319046137144], [74.99341290528139, 24.02646651431826], [74.90521816838384, 23.86500670649434], [74.939901032107, 23.76274058780791], [74.90970998163039, 23.673851407016855], [74.93953685614105, 23.62730155812045], [74.85100643200127, 23.55444362647222], [74.61218020854983, 23.45869012914619], [74.51870693237908, 23.32915961292582], [74.54699908503977, 23.284214658179962], [74.69993933543202, 23.269431134739136], [74.72096264840758, 23.239786952106215], [74.69427051826983, 23.225903226452772], [74.74454228609767, 23.209373734910002], [74.66778732132786, 23.198839329171733], [74.51036542002817, 23.086380477876787], [74.38897613444112, 23.109682847385557], [74.32031935785216, 23.060464116425862], [74.25939544054722, 23.169421781090364], [74.20495488156257, 23.189940734477375], [74.18026979631412, 23.150151600216248], [74.12418404096076, 23.176846374360764], [74.12718582596517, 23.27069267852437], [74.045831944089, 23.293132292421433], [73.96804668720489, 23.375321034738022], [73.89100392409188, 23.335435307893192], [73.82359865125682, 23.44523944684306], [73.77964500841045, 23.4330818043818], [73.76127759668378, 23.457061601711587], [73.7225221629675, 23.411218665808804], [73.70059224883329, 23.4543707878816], [73.62890274606491, 23.451099968888514], [73.65724860893619, 23.621547650703576], [73.57359647719574, 23.654161827306552], [73.50955907009507, 23.61572411237796], [73.49812916712744, 23.705584725554672], [73.41657198990549, 23.778414751239836], [73.37184289043711, 23.765839976233963], [73.35704999606054, 23.790846121251548], [73.35589397692553, 23.85382498313652], [73.41644646073564, 23.922489949851354], [73.41028554084511, 24.050180141999988], [73.36612895428789, 24.111690120502715], [73.33159081306565, 24.11439175857288], [73.3228608187718, 24.061788811304666], [73.24853596696136, 24.01055239287865], [73.1965639516651, 24.04478625837919], [73.21987547267497, 24.097719187590485], [73.07851349899886, 24.18479756815327], [73.14117242616658, 24.307553272865277], [73.169600660642, 24.300693237103246], [73.22805309347552, 24.364180633229694], [73.16634347357251, 24.350319654128782], [73.08118563660793, 24.39431772348422], [73.10518764089699, 24.4322077449915], [73.09079742606042, 24.494575790040756], [72.97703717392648, 24.45114624690183], [72.9600561255898, 24.392330920535585], [72.9873487321583, 24.364011458162338], [72.91955467161085, 24.326524778995406], [72.86366386229747, 24.36615255599571], [72.72768424563151, 24.361944835885538], [72.68825074017957, 24.460958860363178], [72.53701308088904, 24.506079592998844], [72.49520516019004, 24.45159731716251], [72.50226805872398, 24.411196448757153], [72.45911706799836, 24.408502543057978], [72.43706267600174, 24.505726016442566], [72.3807207073948, 24.502139066864515], [72.35235576270833, 24.554242715029318], [72.28931671639339, 24.540335739203044], [72.24516325587962, 24.582202920728264], [72.34833917551259, 24.6198681351064], [72.15563705470635, 24.618127181624175], [72.0786948106171, 24.65531332175243], [72.07916435205328, 24.69959309654422], [72.04630600861549, 24.70848244081202], [71.92778298649569, 24.62986457269193], [71.91927091861805, 24.66514153575332], [71.8642834890918, 24.67546053497574], [71.85137225252748, 24.607423891299618], [71.80463320335969, 24.625224274180937], [71.79193830680748, 24.67399486397187], [71.65397345650985, 24.637169039919286], [71.6089519532701, 24.674757509751316], [71.48027552679417, 24.67837924330746], [71.37220922337701, 24.626256143706144], [71.3481809184147, 24.65902773584139], [71.28890364628631, 24.612805531550066], [71.1099736461669, 24.674526424454996], [70.93630882589167, 24.941284191312434], [70.8855188534124, 25.151174084016816], [70.66533780629476, 25.397572810436884], [70.65798236819177, 25.705805503321358], [70.39073281246937, 25.673557964128804], [70.27605905598068, 25.7092609162583], [70.09927148559063, 25.935461610564914], [70.08641487204875, 26.087857251311164], [70.1721135819763, 26.23113645188579], [70.17329952335439, 26.551099190175535], [70.09860588745181, 26.59499575305159], [69.80077554925225, 26.59900141708181], [69.51468831821137, 26.74195790043683], [69.48436528502992, 26.80800192704737], [69.51542615619223, 27.014428411841777], [69.58968520820582, 27.18293801687605], [70.02464740865105, 27.56131690215335], [70.13468895153392, 27.80702397257835], [70.37431444385658, 28.012031513343743], [70.4967233205249, 28.036582613996472], [70.59245300919906, 28.00964490868563], [70.67701368643253, 27.92394917461479], [70.68744480593313, 27.828150309189482], [70.73755605826551, 27.751517034383653], [70.88253801181986, 27.708226072275465], [71.27263113511884, 27.85017773591386], [71.65885047187186, 27.875565418309463], [71.89865703729248, 27.96321370374949], [71.93233285008102, 28.127789418746715], [72.20520639086232, 28.390358192976294], [72.30211588663889, 28.673431587198024], [72.38886392283183, 28.76879920971578], [72.94945541913233, 29.0331148082019], [73.27072838420764, 29.545905971683283], [73.40761965802085, 29.946205787766928], [73.80321164460179, 30.071390590103704], [73.97591223156428, 30.19643423215416], [73.97191449235999, 30.128815835282637], [73.89462951933689, 30.01884187465282], [73.90020871905722, 29.97140461343224], [74.52874607427196, 29.94298794423827]]]}}, {"type": "Feature", "properties": {"ST_NM": "Sikkim", "ST_ID": "IN-SK", "ID": "SK"}, "geometry": {"type": "Polygon", "coordinates": [[[88.0168569001259, 27.216439148947643], [88.0650170903665, 27.337909816884576], [88.04736032022265, 27.493289426166143], [88.19882455470952, 27.78809835345629], [88.17734252094067, 27.820523213775346], [88.20237886878982, 27.8503012622935], [88.13403139063621, 27.873055542679197], [88.13262783940331, 27.950395990382674], [88.39734894130066, 27.977447790882877], [88.49044691599244, 28.044653728986475], [88.54187488281963, 28.036282118125314], [88.6298710952749, 28.130679192290927], [88.67528380090675, 28.073802194515736], [88.75951634070663, 28.073059967843278], [88.83733897431426, 28.014936440464396], [88.88894278827911, 27.838735921425666], [88.86331470810734, 27.817661656460302], [88.85432706164465, 27.668657655926154], [88.7746803484194, 27.56470458444909], [88.81665742889726, 27.404960800000993], [88.92947688495036, 27.326114920467262], [88.90626944697743, 27.274756287772504], [88.80820999349646, 27.247377136745513], [88.79171962516062, 27.18177973864408], [88.73956396200731, 27.137137523577906], [88.70904966730836, 27.17388621277854], [88.5986858011089, 27.19420011264515], [88.52770756045561, 27.17475381123944], [88.53923492565133, 27.15406535723048], [88.43912246473002, 27.081326715255727], [88.31185677147289, 27.128272717312086], [88.15976883286538, 27.11133638956278], [88.09617868110132, 27.13835173874179], [88.06587350935501, 27.213452137106515], [88.0168569001259, 27.216439148947643]]]}}, {"type": "Feature", "properties": {"ST_NM": "Uttarakhand", "ST_ID": "IN-UT", "ID": "UT"}, "geometry": {"type": "Polygon", "coordinates": [[[78.92226624509118, 31.254063634029535], [78.94577696053835, 31.332795019074922], [79.00899815643982, 31.36242664717207], [79.06370426903686, 31.465350079442658], [79.144696686403, 31.433656501046755], [79.26368746480472, 31.291407946919264], [79.2494274628072, 31.24879719423518], [79.28832134985049, 31.225473994629226], [79.31499347187128, 31.143918554897425], [79.39720178073765, 31.11298535958673], [79.42828892289555, 31.032127358490868], [79.5165138302491, 31.033708196676002], [79.54812894549451, 30.967747614560835], [79.6046966313445, 30.9373874447748], [79.7533666488518, 31.00062142543851], [79.86731132315907, 30.974741549482985], [79.93018678459248, 30.886680298057342], [80.05919766084344, 30.8384400330811], [80.11817404589556, 30.77408136206526], [80.17445110143723, 30.806521963218074], [80.20547390519664, 30.758218796060646], [80.23783543885446, 30.75965011655967], [80.23466564520339, 30.69162993047695], [80.19535829844676, 30.66422592848386], [80.22566157891879, 30.576645692944453], [80.4152185924641, 30.52550823951367], [80.54105739348398, 30.448658749701565], [80.59130617374097, 30.484074550100445], [80.82570697099999, 30.31435669510546], [81.03434811727186, 30.24510544416097], [81.04296040559831, 30.198538281516505], [80.99329191648883, 30.18677658447183], [80.93668087881957, 30.17658552280369], [80.90282649214896, 30.216038617288405], [80.8747778057512, 30.13050448509398], [80.74430848005238, 30.002070732578318], [80.60034443404845, 29.953553717430168], [80.49647640336337, 29.796138711232572], [80.44178992926186, 29.805524333781023], [80.37463753589361, 29.749373932461083], [80.41377683353409, 29.597776337508037], [80.34937741783364, 29.547365039864758], [80.30384427319473, 29.4531075144003], [80.24701690450661, 29.44579453419044], [80.3166361247574, 29.32251026823434], [80.30328670162004, 29.202952241552737], [80.25284316687873, 29.21712869833084], [80.27209255093055, 29.14347711137964], [80.15224681493862, 29.104656714236], [80.1380401823086, 29.00428666050101], [80.06660038350094, 28.91871627753426], [80.05229778871205, 28.777074012155992], [79.99998960323768, 28.710969747156184], [79.93411655213725, 28.726648183267116], [79.90662208733954, 28.795382035352702], [79.85233516943259, 28.80258547364076], [79.88717229476566, 28.824172142630346], [79.86135452599063, 28.83930912571566], [79.80379659303838, 28.79695793176319], [79.81996788910686, 28.850211565511415], [79.78634626227023, 28.885741447609746], [79.67799527845938, 28.842227055234446], [79.63084853153458, 28.86147241122285], [79.5626650987154, 28.8397848230112], [79.55512594890348, 28.88455073263026], [79.42291472093768, 28.84975836475678], [79.41323685649581, 28.92615416188511], [79.37151526801529, 28.964372800164654], [79.30726314238018, 28.94819259001605], [79.21588038617097, 29.023016964861085], [79.16634971097045, 29.021323277047657], [79.14277652141936, 29.123280820353614], [79.0457609317217, 29.16502935791857], [79.02889756147334, 29.11178945681803], [78.97857339554582, 29.15949285621042], [78.91230427582173, 29.14457245145752], [78.87608591773096, 29.243470317701053], [78.81187908105483, 29.25185095955419], [78.73777375825239, 29.32400140803861], [78.8690198023221, 29.379604246338943], [78.91269149601578, 29.4501849749567], [78.70569119878985, 29.50295659636987], [78.58886347427, 29.5746995161698], [78.48616902827808, 29.742702711161257], [78.34433461285215, 29.79049481788161], [78.2437829338354, 29.69840633848179], [78.15142506071805, 29.670454920957866], [78.04459332322335, 29.546063495134263], [77.99085288825023, 29.548525564603153], [77.96025140517827, 29.584775735312007], [77.98915231252926, 29.636491455516307], [77.95305028534244, 29.70908575540335], [77.83338865406319, 29.663530305779034], [77.76981391038373, 29.710526245389985], [77.77693202549261, 29.780088678849495], [77.71558446994737, 29.862372989422], [77.7426304572299, 29.982193615443066], [77.79919972498737, 30.094734882408943], [77.83274858407992, 30.088398333916018], [77.94241046197328, 30.234730399188606], [77.72390950491979, 30.33372387595614], [77.64891096287067, 30.40518720822314], [77.5762035912228, 30.39961145380562], [77.82573452862567, 30.533049449672433], [77.74310080355929, 30.593488591025732], [77.79230152559501, 30.612967191582698], [77.79277479741904, 30.658881870901666], [77.74716698027197, 30.681006972993487], [77.70216567040944, 30.76394145293574], [77.7586313938238, 30.876492637625176], [77.80347391938591, 30.85379204496695], [77.81503505412451, 30.908013379813667], [77.7597711774979, 30.917626460692645], [77.7505760547412, 30.958952300708177], [77.81071109753918, 30.96514276062993], [77.8390761384531, 31.00051616968551], [77.81947859176364, 31.049465014998475], [77.91687690414585, 31.154208151684884], [77.96951152553652, 31.174136786483587], [78.03129037884798, 31.153797509547474], [78.16279022059229, 31.22684086251587], [78.2476057000431, 31.230219574074113], [78.31350624431775, 31.28342957991123], [78.38443460767104, 31.283057614017707], [78.48517601126395, 31.198789139107532], [78.61580776171888, 31.230839446183552], [78.66583565049496, 31.192789113326967], [78.81026786556959, 31.19991513167804], [78.8951468389555, 31.09861088738262], [79.0118709390926, 31.112332209863666], [78.92226624509118, 31.254063634029535]]]}}, {"type": "Feature", "properties": {"ST_NM": "West Bengal", "ST_ID": "IN-WB", "ID": "WB"}, "geometry": {"type": "Polygon", "coordinates": [[[89.02134800720484, 21.921660001008263], [88.93147300667397, 21.942077000053587], [88.90170300708814, 22.063865000969088], [88.93071800693053, 22.098100001413968], [88.89746100572091, 22.171062000810764], [88.94996600692576, 22.189192001409765], [88.98606000676398, 22.135019001525734], [88.9696660070806, 22.083509000340143], [88.9255380072733, 22.065752000754287], [88.9238900068184, 22.024673001258066], [88.94610700703282, 22.000001000246016], [88.934167006802, 22.05135200039456], [88.95807700684844, 22.06024100022205], [89.02134800720484, 21.921660001008263]]]}}, {"type": "Feature", "properties": {"ST_NM": "West Bengal", "ST_ID": "IN-WB", "ID": "WB"}, "geometry": {"type": "Polygon", "coordinates": [[[88.68562200605078, 22.19866000005902], [88.78917000579122, 22.169448001024477], [88.68283000590009, 22.080231001159802], [88.74018000570277, 22.02034900060596], [88.72041300605542, 22.00559600015532], [88.66339200613623, 22.024397001120747], [88.63418700562585, 22.106211000437384], [88.68562200605078, 22.19866000005902]]]}}, {"type": "Feature", "properties": {"ST_NM": "West Bengal", "ST_ID": "IN-WB", "ID": "WB"}, "geometry": {"type": "Polygon", "coordinates": [[[88.9519870056958, 22.331793000746416], [88.98770100599671, 22.393118001294795], [88.98693800588433, 22.322241000921508], [89.02241731910408, 22.299408555960156], [88.99643700596312, 22.282632000866215], [89.06912300702123, 22.189933000507608], [89.06218800647139, 22.128430000744004], [89.01860900680026, 22.206670999866787], [88.9681620060718, 22.215049000411113], [88.9519870056958, 22.331793000746416]]]}}, {"type": "Feature", "properties": {"ST_NM": "West Bengal", "ST_ID": "IN-WB", "ID": "WB"}, "geometry": {"type": "Polygon", "coordinates": [[[88.92555100517478, 22.387502002215683], [88.89614100600267, 22.560794001342117], [88.95594800669522, 22.55137200121692], [88.99500400642984, 22.467780000846403], [88.94326700646724, 22.310652000689345], [88.89643100588626, 22.379830000054483], [88.92555100517478, 22.387502002215683]]]}}, {"type": "Feature", "properties": {"ST_NM": "West Bengal", "ST_ID": "IN-WB", "ID": "WB"}, "geometry": {"type": "Polygon", "coordinates": [[[88.5986858011089, 27.19420011264515], [88.87676333905694, 27.108539364899798], [88.87934814620007, 26.956990273982], [88.92565653252302, 26.996049367384444], [88.96888913582501, 26.92399484328746], [89.03391437085162, 26.93786544153693], [89.10149087640286, 26.88731063997409], [89.13525141701933, 26.80909631024656], [89.25815993093613, 26.816339536340593], [89.37791692632516, 26.86665550314899], [89.46518163832201, 26.80616776962694], [89.56470358100552, 26.815457572109324], [89.64562435657888, 26.783119991894182], [89.63931129837778, 26.718925677378138], [89.76497724790175, 26.734996122573023], [89.78238774319982, 26.69921194547493], [89.86232426385374, 26.703669802119748], [89.88248703714709, 26.612941285611896], [89.87452957308142, 26.448336676296606], [89.83228639040465, 26.39640449647038], [89.86223265171554, 26.384387561936478], [89.72605849460388, 26.28816363914069], [89.7106508011936, 26.153349364881308], [89.68343136076874, 26.23012958980877], [89.6410452263562, 26.21550792994708], [89.6538998272153, 26.16799964926446], [89.59850158378111, 26.161701414588663], [89.62784017408484, 26.11382310964882], [89.59825083570757, 26.100811353161475], [89.63560689374322, 26.105186627760702], [89.65335273903776, 26.068285039423074], [89.59296566573295, 26.044018783739944], [89.59125825876168, 25.97953360599115], [89.5619445634909, 25.966254513435103], [89.54164951970961, 26.00789645975385], [89.4772622367629, 25.995982035342706], [89.42984063363838, 26.04045829401508], [89.35768964196347, 26.01115881612651], [89.22425194826883, 26.126191346353608], [89.1614807461396, 26.139587444305164], [89.0984086974035, 26.39355192608059], [88.981104987805, 26.407085237193996], [88.96772409469128, 26.458873789893516], [88.91677833984858, 26.406290120492713], [88.92114928870876, 26.362982297894803], [88.9906605561398, 26.346157770264938], [88.99048219719572, 26.306138535465095], [89.06348038621093, 26.273246192258], [89.0520646079953, 26.243374862459973], [88.9720171793494, 26.241232351791666], [88.90699303070386, 26.288126014204238], [88.8705479661158, 26.27558800348362], [88.88519158292524, 26.23687275237569], [88.85197087205813, 26.232585478237297], [88.80092250187204, 26.30887916813913], [88.67568104584365, 26.265273952331086], [88.67998201755614, 26.319768637912375], [88.72589479211103, 26.31247727020991], [88.74405742371118, 26.35482678512807], [88.70632871090135, 26.336710500089566], [88.68724731031517, 26.409394991185934], [88.62616434610777, 26.469941276868497], [88.57274236556776, 26.45795231214953], [88.48365764248626, 26.541849584690624], [88.43623563466684, 26.54862858344245], [88.41251314596497, 26.6291930710035], [88.34570825333327, 26.468051516164564], [88.487159469434, 26.459866430991042], [88.52681621809404, 26.35573674345602], [88.46352039914717, 26.373281760245106], [88.36413825067979, 26.293377384059056], [88.35408768020233, 26.221642469124674], [88.18278759397236, 26.147454070548974], [88.17954921892135, 26.0224026655506], [88.14558825809172, 26.01399407186898], [88.09542983811662, 25.914798814213952], [88.10833333331675, 25.81178343795534], [88.1448538447292, 25.773830026834332], [88.27116468819986, 25.80843330415371], [88.32136277637107, 25.735954334225198], [88.4562680943971, 25.66257830944147], [88.45027496551728, 25.60237350533305], [88.55355914014228, 25.516023027041115], [88.70065526402925, 25.47327134609577], [88.80186470449257, 25.522466383516814], [88.8358594447576, 25.481165114778264], [88.84670152925224, 25.365885605536334], [89.00514089203858, 25.299997256967913], [89.01251021837192, 25.267204627891317], [88.9560187293809, 25.245624487080477], [88.96400179534663, 25.21060295306387], [88.9196327295669, 25.16572772365555], [88.84848118146141, 25.210099469415013], [88.80897192251626, 25.173955621055143], [88.68673860879983, 25.209993529277995], [88.56835973001756, 25.174652833961147], [88.48718860656902, 25.213609817439192], [88.44302542078663, 25.201172463338537], [88.45169108567512, 25.0345496278631], [88.39790317009528, 24.944010509477494], [88.34687049757548, 24.940071414164493], [88.33616144619384, 24.87215832474692], [88.26623933877454, 24.878247108217522], [88.22106484376758, 24.958248942135015], [88.14338898491377, 24.93077195745991], [88.17592211821125, 24.8626994829948], [88.01368173482427, 24.67008318718939], [88.12769729099722, 24.52203063340704], [88.34318929814765, 24.377823861282195], [88.45305385804915, 24.373048042133462], [88.55137677871545, 24.3027401660259], [88.5838319129125, 24.325062770030854], [88.73496968720139, 24.28454023594321], [88.74806380809832, 24.138488953402543], [88.70178370815165, 24.098727928351252], [88.72948077671651, 24.09747844177673], [88.73420382994283, 23.99638559751736], [88.7750849156364, 23.98920038219194], [88.73851974568976, 23.979185728838388], [88.73703866929918, 23.916107723892367], [88.5798917860771, 23.86161595661116], [88.60558295369043, 23.818748040989362], [88.56406935321814, 23.7826079239166], [88.56545982021458, 23.64781187801583], [88.59349730465692, 23.639783523990502], [88.59116047027953, 23.602103957331792], [88.64735136537325, 23.610612936038194], [88.6590916936268, 23.559783673078073], [88.74642722183887, 23.483013493577914], [88.79985236619382, 23.49857509516454], [88.73785088121326, 23.35064971181481], [88.74705356277178, 23.309070014769418], [88.70022814900994, 23.295323266655487], [88.72375401263764, 23.255161882315065], [88.7887362160036, 23.22010304711796], [88.81737461574596, 23.219072365597242], [88.81235209547287, 23.252284657011387], [88.95487399853624, 23.204993731675415], [88.99324467080498, 23.219786615260148], [88.86962088109885, 23.071533378662537], [88.86457052051315, 22.95796668851193], [88.90020554325127, 22.951964530438772], [88.91234629194787, 22.88029385317884], [88.97050202674717, 22.8453964175107], [88.9236199601931, 22.76835544764583], [88.96204720161711, 22.694272635773586], [88.93168847973959, 22.640799999120702], [88.95709200639106, 22.609770001684296], [88.84522300603697, 22.50975700128464], [88.85273100603115, 22.432891001718417], [88.7716660061813, 22.51338100203168], [88.75305300579163, 22.516902001626136], [88.74186000583467, 22.515200001379014], [88.73352100529024, 22.511061001164308], [88.70848900656244, 22.52909500093358], [88.69106300605296, 22.527799001422807], [88.73580200615771, 22.509759000477516], [88.76999600561123, 22.511389001001646], [88.8025210054401, 22.443423000870837], [88.84834300602495, 22.43056400142757], [88.95415500584892, 22.225690000992813], [88.92069900625421, 22.232630000873883], [88.91757900626618, 22.165279001224974], [88.82824600554875, 22.209722001169496], [88.83813500652536, 22.173473000478623], [88.79358700623538, 22.171214000625696], [88.7453240054985, 22.209590000478215], [88.63949500578997, 22.213098001271817], [88.63668000547796, 22.22404000134503], [88.6577760061578, 22.239167000156954], [88.66467200580848, 22.27328100041791], [88.63104200628362, 22.22293000051917], [88.64161700651971, 22.20738000108622], [88.67259200591639, 22.205059001072073], [88.61937000582117, 22.105329000233212], [88.63547400562089, 22.042614001235222], [88.60028000591763, 21.98333400056373], [88.60222000634826, 21.906670001319583], [88.54504300642964, 21.906041001091353], [88.52805400628739, 21.85305600113361], [88.49534000583668, 21.885392000340573], [88.52081300601549, 21.912341000237006], [88.42418700532608, 21.90771200080826], [88.38163800638893, 21.791588000286026], [88.32565300568172, 21.86215000052215], [88.25976600609636, 21.809522000839706], [88.28237900568661, 21.755021000219017], [88.21722300563727, 21.764445000436467], [88.15383200604231, 21.959610000101463], [88.22222200594086, 22.06750200051698], [88.20305600612983, 22.166389001151515], [88.07277600570814, 22.210001001445107], [88.10472100576987, 22.303890000922877], [88.04915500639851, 22.220001001245237], [87.98404700586468, 22.246464001212757], [87.94916500616017, 22.399445000786216], [87.89392800577292, 22.43478000069655], [87.94277900574656, 22.36444400098992], [87.93750100606661, 22.26472300056605], [87.99044000570177, 22.20946000077845], [88.13556000608946, 22.184723001265525], [88.18888900572307, 22.09916600111012], [88.06223300604847, 22.013060000818427], [87.99194200571907, 22.102501001120345], [87.96335500582893, 22.103478000309508], [88.05277900624623, 22.01332900063295], [87.96092721941568, 21.82606679074985], [87.70673658422606, 21.644578169946612], [87.49020214411371, 21.602647452218207], [87.4479587662841, 21.765759892904782], [87.28507796487622, 21.803961859552203], [87.2393851555006, 21.958925742828797], [87.16516389479796, 21.966972762283206], [87.16452455686289, 21.938503451273334], [87.09821418253853, 21.91250724711182], [87.09929318912941, 21.865031954461188], [87.03496717429573, 21.869983791618722], [87.00272093462348, 21.912101100685277], [87.03906420494917, 21.993653726438367], [87.02240475417614, 22.045655714339773], [86.96208667056345, 22.087680886064106], [86.83696673272857, 22.099374660012586], [86.79534192928668, 22.15810634942852], [86.72052881575229, 22.147647019094734], [86.72788532045121, 22.219302861138203], [86.80512851007273, 22.21769897782559], [86.795318425505, 22.266786361001834], [86.89062992493115, 22.256144301018708], [86.89339622785371, 22.28538795888727], [86.8342140077703, 22.328494523103814], [86.84894907214203, 22.399863383388492], [86.76900744783552, 22.426620227841283], [86.75026690469394, 22.474190936762398], [86.80311508359426, 22.48763591736372], [86.76114425880058, 22.577770953266906], [86.65693578525833, 22.579255109835515], [86.62317868904535, 22.67669901334881], [86.5390767406991, 22.719801616951088], [86.51200871732851, 22.704751302430736], [86.4216591724329, 22.779599799790958], [86.46854519600407, 22.89956082796988], [86.44262386220151, 22.930161845193027], [86.54750752605156, 22.977181350638887], [86.42185288640167, 22.997562768007413], [86.39862940632213, 22.977026714911005], [86.30598274111065, 23.01504617943766], [86.21822673757396, 22.994545672045206], [86.04285589708206, 23.146014030822926], [85.9210175692055, 23.131889472121486], [85.83683880706536, 23.212843087338683], [85.83249600158928, 23.265249847502503], [85.90198845880042, 23.378983019250995], [85.86572996126876, 23.452831349986866], [85.88031557270557, 23.478082362411158], [85.94407704082283, 23.457056529535237], [86.04744462486963, 23.492161105150956], [86.0168642344969, 23.553469040164146], [86.04347151809617, 23.585251286317884], [86.15442731896565, 23.565792389007584], [86.14866515757103, 23.479310579119954], [86.24464582184726, 23.471724909177283], [86.23055932605212, 23.437751510723672], [86.30582909643573, 23.422185290219034], [86.37640855521073, 23.492328804430826], [86.38676300750683, 23.586304553412447], [86.45072301265697, 23.633434892206537], [86.53439180703634, 23.630919792414545], [86.7166175094905, 23.699146545576696], [86.79755977796145, 23.689323003553795], [86.82532407624518, 23.762939057391634], [86.79845402333456, 23.83314933547348], [86.82633973818844, 23.813116018689357], [86.87677407106656, 23.845960325508656], [86.89320652306264, 23.823976157973334], [86.9005564806971, 23.88169135806976], [87.12945670866026, 23.796946488889375], [87.17171762237041, 23.82147440681848], [87.14113865832246, 23.869962421528555], [87.24146340241413, 23.854931117776914], [87.22497704055803, 23.829093732090087], [87.25092861226568, 23.829964111254753], [87.24956938501919, 23.90219498610975], [87.27012146133643, 23.876671580728896], [87.29778951237614, 23.891974105620534], [87.29705795166319, 23.957447119389087], [87.24012988048963, 24.038966333529515], [87.33759545676497, 24.032683328872565], [87.32512054787503, 24.00088138037148], [87.44421404414288, 23.97988012686642], [87.4438525094858, 24.014229725221696], [87.51409613712707, 24.036373650123892], [87.50173781005196, 24.11739925966816], [87.5647874701657, 24.084536302708273], [87.60984948246772, 24.128174538024552], [87.58484373315184, 24.163100724119147], [87.69455666915502, 24.151430750728593], [87.64079352630023, 24.24400712582826], [87.74140694737281, 24.29038493531658], [87.81504017466438, 24.407949790050793], [87.79295806646167, 24.412856577469142], [87.8229138623849, 24.46972043255198], [87.81146145388306, 24.54639500242746], [87.7829215685756, 24.572543688440533], [87.85329686685697, 24.552238009276778], [87.91504456315613, 24.595023739454064], [87.90599952555772, 24.72262778644324], [87.82332823491015, 24.76696400448526], [87.85547106423826, 24.76226333358602], [87.89426414447473, 24.853854835032678], [87.97857559079097, 24.897360005759708], [87.86980423148015, 25.040585900818712], [87.77826599957626, 25.09977519676795], [87.7932768320602, 25.221069602979867], [87.83527129643323, 25.204649467199204], [87.8621860735285, 25.278313948629886], [87.79720362015098, 25.32282268002274], [87.7717457007036, 25.42469378499021], [87.86930412118829, 25.465782793940832], [87.88508697578334, 25.516328752469974], [87.92995794959972, 25.53601054045413], [88.03693061715433, 25.48640566848684], [88.07379420014229, 25.497210514753476], [88.02775677685383, 25.583267231297725], [88.05669547731446, 25.686065235122555], [87.90383739617897, 25.772003483074343], [87.91707635019344, 25.85188615142482], [87.82909499094114, 25.871572640165255], [87.80991072589933, 25.920784550666554], [87.83624915807223, 25.935509380753388], [87.84853478934912, 26.044475377636616], [87.91934535230621, 26.090965382046818], [87.9662277381197, 26.08404272019544], [87.9759687880292, 26.15437694464032], [88.00549839073818, 26.140378353977894], [88.08118968055936, 26.18126197935692], [88.2955124098699, 26.351084649437098], [88.23572490558001, 26.38977119778258], [88.2744011458962, 26.421656795824504], [88.18585702418238, 26.493834087273342], [88.23786905391376, 26.55181770802085], [88.15208770618273, 26.51081176045443], [88.1065963026773, 26.55525057405481], [88.18673591812819, 26.718193635527882], [88.18481505796859, 26.797095873775618], [88.13208251749427, 26.987530080648753], [87.9931420808424, 27.10780957854928], [88.0168569001259, 27.216439148947643], [88.06587350935501, 27.213452137106515], [88.09617868110132, 27.13835173874179], [88.15976883286538, 27.11133638956278], [88.31185677147289, 27.128272717312086], [88.43912246473002, 27.081326715255727], [88.53923492565133, 27.15406535723048], [88.52770756045561, 27.17475381123944], [88.5986858011089, 27.19420011264515]]]}}, {"type": "Feature", "properties": {"ST_NM": "Odisha", "ST_ID": "IN-OR", "ID": "OR"}, "geometry": {"type": "Polygon", "coordinates": [[[87.49020214411371, 21.602647452218207], [87.41659393776007, 21.548854584971195], [87.35716425572588, 21.576355433156778], [87.38771561238565, 21.53220057599583], [87.23795609949445, 21.537486366502662], [87.15024050339656, 21.507884189403853], [86.94734906021102, 21.352007314386128], [86.843183435767, 21.156943239339057], [86.97917957297898, 20.860037591261857], [86.97421893775385, 20.793065377065545], [86.87177562204738, 20.793607629588507], [86.79815157323657, 20.737597932598533], [86.85719975206695, 20.7726554511882], [86.98514998228592, 20.772205269457686], [87.0100660763884, 20.719945591615783], [86.90956479987568, 20.70636832254013], [87.01511372641738, 20.68329255071069], [86.75397918289303, 20.515074839532247], [86.71520746695109, 20.39185735093605], [86.77369433122846, 20.390393966008787], [86.7838543033335, 20.32593812774246], [86.53549407279326, 20.177351712111886], [86.3666052245515, 19.94770385614811], [86.2563152889195, 19.911985547195286], [86.23248034269369, 19.933196309462176], [86.19661947500884, 19.883391730444032], [85.6963748927871, 19.751335274003736], [85.35092170387361, 19.583861071031663], [84.8908860774306, 19.24405166485252], [84.7685819052308, 19.08002272866605], [84.704635394408, 19.117670746208034], [84.70914228029204, 19.159931127519542], [84.67210415058616, 19.165471647398647], [84.66827942115845, 19.130661920811065], [84.60178690624076, 19.132302931734955], [84.6616528511982, 19.061258418241437], [84.61987816674406, 19.063738334756408], [84.59487689605197, 19.02196055393648], [84.56691733246896, 19.068411766989527], [84.4789351341492, 18.99016778391615], [84.43711018118995, 19.01004152229848], [84.43672899994345, 18.92272947178776], [84.39061452274211, 18.878379967161777], [84.36215453050721, 18.891981146512762], [84.3698303547871, 18.86018928121041], [84.34184110548267, 18.872927552964256], [84.35153806702823, 18.82113026604901], [84.31995526262534, 18.788421356660308], [84.22423193215798, 18.796399107632737], [84.09927074894597, 18.754337010644576], [84.03469132044813, 18.81111536897913], [83.87788537021373, 18.827157373114346], [83.7959638965167, 19.01607069330788], [83.74875809471035, 18.992131860097288], [83.77899288281537, 18.90975835296564], [83.62678820411242, 19.149688853957514], [83.58649559609495, 19.05774882294986], [83.55415751765537, 19.081705391690548], [83.53914737675012, 19.013416899170636], [83.50317459742979, 19.01903803697587], [83.51314398430748, 19.072618192975256], [83.46716050325466, 19.07745973727708], [83.46328671131272, 18.95363287345839], [83.4166521013135, 19.0040734080614], [83.31567736321978, 18.998742416729215], [83.32674106045164, 18.936359772085837], [83.34921548260849, 18.926370788980762], [83.35286305008975, 18.96419274080239], [83.36891815195122, 18.96131935380521], [83.38808856023894, 18.931288959118206], [83.35553730560224, 18.928956839886325], [83.41920075031442, 18.867512189036347], [83.27407317583646, 18.7652246008347], [83.23068939200192, 18.77407973129459], [83.21479024247577, 18.72572017664487], [83.09213590754615, 18.66399548500368], [83.07902438926419, 18.61019677935792], [83.05776440170581, 18.622148436601094], [83.04061564689465, 18.55626827815854], [83.09664175381397, 18.541230146753946], [83.0246433105404, 18.456240599923774], [83.0664709830495, 18.437709744509164], [83.06443696479414, 18.386012420836607], [82.91103554115733, 18.36452217535816], [82.89286703158831, 18.421232842621635], [82.807420372852, 18.447719365256546], [82.7753766020486, 18.339581022546213], [82.67328572345741, 18.299081306057474], [82.64004922589112, 18.23707562484026], [82.58479406999038, 18.315120544777358], [82.61698417667844, 18.35948638378966], [82.54347394066986, 18.39765400173087], [82.56204604798677, 18.445666016073858], [82.53843567956301, 18.44230342935981], [82.5313758459186, 18.51177796578054], [82.48223879318579, 18.544550206327017], [82.36959504307686, 18.41773879930622], [82.39275956450234, 18.380349497831105], [82.34280100895944, 18.32510809166513], [82.40138430574115, 18.314514924224397], [82.31453406249705, 18.20384563386898], [82.37363208085588, 18.14804547172122], [82.34184918089505, 18.150715636217683], [82.3383027349833, 18.048938649798913], [82.2962767601644, 18.068994614210112], [82.26670409251989, 18.04331969914483], [82.27582656444446, 17.994997948396644], [82.18596729935143, 18.018960737747875], [82.1722753972918, 18.04993386385678], [82.03316277913899, 18.065971632185153], [81.7117527205117, 17.869170252205436], [81.67162226025914, 17.88487461397233], [81.61972792840123, 17.8233541313881], [81.39350610632181, 17.814285493780574], [81.40433265053144, 17.895114399110298], [81.44575192651024, 17.883582936603318], [81.48511855297892, 17.981396781636192], [81.53623697315783, 18.266104965272007], [81.66865304060542, 18.322850650337273], [81.66635813711838, 18.346330294207746], [81.75319790326068, 18.352500844038786], [81.77033613150729, 18.418352527247407], [81.9167832065798, 18.571184369762932], [81.95510335043934, 18.56613599937691], [81.96270682246194, 18.593670805962972], [81.89652624818785, 18.62779642276672], [81.90129833784806, 18.66062875781097], [81.95559130729305, 18.63568864371598], [81.98415767313816, 18.70192400468909], [82.086705570106, 18.718958154395352], [82.09938594980179, 18.76298660464812], [82.16923009049634, 18.79776866539163], [82.17879819358183, 18.898236566264586], [82.24758022145011, 18.917146808778227], [82.20204825312442, 19.06657020904794], [82.22004885027428, 19.096852452578673], [82.16770026095833, 19.1326535153475], [82.18669222576568, 19.164996505884062], [82.15959424687708, 19.27136121374906], [82.19100588061696, 19.325535348577546], [82.14897226605729, 19.37147644548162], [82.19128419740787, 19.41811396568704], [82.12708603829009, 19.429462088804428], [82.09980936051363, 19.515202472416206], [82.03014038616993, 19.507093986098653], [82.06748105230878, 19.787913600132583], [81.98778588720899, 19.800472931080947], [81.96797649082242, 19.859299162626314], [81.86598908462861, 19.90391434676974], [81.8448542026594, 19.954322700931925], [81.8677114194465, 20.02749704825021], [81.95173270759841, 20.105696138066378], [82.0319735048734, 20.0143982247983], [82.06545880348108, 20.054187243946217], [82.19177802053929, 19.98574083317294], [82.23821695155112, 20.00269516355098], [82.34709545429183, 19.83501541872664], [82.45001092666297, 19.908010948446588], [82.60500153419349, 19.865756134837795], [82.57944502476812, 19.83313347942658], [82.59271396397833, 19.77649497466342], [82.65336870340298, 19.830779687432653], [82.70607393236617, 19.832321815199634], [82.70819668672777, 19.99802412351454], [82.60595782289528, 19.990697827942483], [82.39842490938213, 20.06427706983095], [82.38647065219891, 20.149143485083812], [82.43585345996928, 20.294161154313883], [82.40127642666579, 20.33969640426568], [82.43663928127785, 20.42980692464988], [82.33145848771909, 20.55759385507241], [82.37496616125941, 20.63319900782801], [82.34253094614633, 20.761884805239617], [82.35400150026908, 20.887002525346304], [82.42293021205967, 20.82980035250432], [82.46986113967989, 20.830947739046962], [82.49052767091536, 20.90292826692604], [82.62967202614317, 21.03974896734104], [82.64327972467959, 21.15244394643105], [82.78942109860486, 21.144182493527296], [82.96337088435888, 21.178766413838957], [83.12711770591744, 21.104636647463337], [83.20001357366755, 21.143018360708822], [83.23212714535151, 21.270354466385584], [83.27491881465164, 21.272005288013702], [83.27724240920986, 21.378281546656126], [83.40984202828702, 21.351845333895085], [83.34181409274623, 21.498645380280152], [83.38788352380561, 21.615686491438453], [83.44838729673643, 21.652200677019664], [83.45587042957675, 21.61122615446351], [83.49168078234231, 21.62856474446744], [83.42691572388162, 21.677875120840213], [83.49126984702588, 21.744379999637317], [83.47431896464855, 21.785471992538476], [83.4984860889619, 21.81136857430033], [83.5436869224136, 21.796707195880458], [83.53837644101998, 21.834605858073928], [83.59158444226824, 21.8463339618429], [83.60759025678499, 21.913474310591027], [83.54230457809388, 21.965985160986463], [83.53960153438334, 22.036419383747614], [83.60743668945173, 22.067890626351357], [83.56440370326834, 22.102268388775144], [83.65285897646066, 22.226750161390896], [83.75273891586835, 22.243443605637935], [83.86806101430443, 22.34594302734888], [84.00819173785845, 22.371901695606823], [84.04855312782468, 22.466223425470787], [83.98360440891639, 22.52037596757691], [84.13609893731615, 22.475668343918983], [84.15942952035613, 22.403237782697545], [84.29609191670863, 22.339836147720064], [84.43264278813422, 22.354638484978125], [84.53339052475297, 22.42259577157762], [84.75049978273881, 22.417493314165142], [84.75932695687362, 22.44471068345132], [84.80786533451766, 22.446444136587672], [84.91425609844026, 22.422488695596883], [85.05786925955874, 22.482265395431682], [85.12085365407296, 22.293674868000835], [85.07692883359886, 22.27535443955577], [84.99388088889197, 22.080201614013333], [85.07585371028057, 22.11058945773732], [85.12523999033334, 22.070036737905184], [85.18544548961773, 22.06839251640156], [85.23722718138936, 22.004015344532547], [85.36941267255685, 22.158137933618775], [85.59712142561335, 22.078273547586207], [85.65061216651833, 22.09411951570314], [85.68745500124737, 22.052705376651886], [85.8079408135178, 22.11470615476526], [85.83658893403214, 22.080921022187454], [85.79380443053009, 22.08110728257509], [85.76663558956085, 21.99377629324141], [85.90862445275633, 21.970758164357846], [86.03242199957566, 22.189085365197514], [85.97554435248992, 22.247141070204293], [86.02350656777395, 22.308209958223017], [85.99864359212813, 22.341759285862395], [86.02725123325786, 22.385303581595053], [85.95931601422274, 22.45936326740093], [86.04425789068915, 22.56685383203876], [86.11759422299508, 22.486344926177424], [86.285347513477, 22.449067198192665], [86.3581916378339, 22.349146288370548], [86.42978328267242, 22.310083648941315], [86.50528572655509, 22.344739298280047], [86.52983940646351, 22.30669999291041], [86.72788532045121, 22.219302861138203], [86.72052881575229, 22.147647019094734], [86.79534192928668, 22.15810634942852], [86.83696673272857, 22.099374660012586], [86.96208667056345, 22.087680886064106], [87.02240475417614, 22.045655714339773], [87.03906420494917, 21.993653726438367], [87.00272093462348, 21.912101100685277], [87.03496717429573, 21.869983791618722], [87.09929318912941, 21.865031954461188], [87.09821418253853, 21.91250724711182], [87.16452455686289, 21.938503451273334], [87.16516389479796, 21.966972762283206], [87.2393851555006, 21.958925742828797], [87.28507796487622, 21.803961859552203], [87.4479587662841, 21.765759892904782], [87.49020214411371, 21.602647452218207]]]}}, {"type": "Feature", "properties": {"ST_NM": "Jharkhand", "ST_ID": "IN-JH", "ID": "JH"}, "geometry": {"type": "Polygon", "coordinates": [[[83.50606603831704, 24.525889651286434], [83.72450404282739, 24.503985464057962], [83.875813640687, 24.532007008916366], [83.93622961730307, 24.5470608235982], [84.00000000039978, 24.637124795073305], [84.05449994071972, 24.61146119527797], [84.11743341202242, 24.48077703503219], [84.15374547227577, 24.53962482152832], [84.18690615519495, 24.509808638158177], [84.19464448235703, 24.548651355575657], [84.26608768779658, 24.537117625877784], [84.30059761099102, 24.565403277339442], [84.33392430875989, 24.502234774515273], [84.30077128806454, 24.450379040660266], [84.50092983904091, 24.28694713470253], [84.52893995171746, 24.376079349182646], [84.57990616523739, 24.41215623222439], [84.66562137682513, 24.393636988855974], [84.68629436069625, 24.456180148994747], [84.80269903063584, 24.52932955001876], [84.83996284251123, 24.51136011887445], [84.84169782179708, 24.45247653126694], [84.8874636147541, 24.462779047714946], [84.91053086370846, 24.372407951465846], [84.95514523036815, 24.371907310573988], [85.08334230740161, 24.440006444541837], [85.07261924997846, 24.38695852261776], [85.09958743421276, 24.381738241426774], [85.1764836653889, 24.42968358183191], [85.16003995388081, 24.464302868882328], [85.28904717978355, 24.49741092527404], [85.28960666781353, 24.52686346507693], [85.50142907229389, 24.550900407128154], [85.52525792201556, 24.52487235977162], [85.58352872776862, 24.603279901646204], [85.67158873543184, 24.582279927876414], [85.65649847932144, 24.68725962942841], [85.70360211724397, 24.71369328361817], [85.7437418531041, 24.822778651113936], [85.8846721674866, 24.80052423820308], [85.95709379484282, 24.7324686044426], [86.05462332910344, 24.778642988183435], [86.0482841078254, 24.748284783416068], [86.13107910561627, 24.705635633277893], [86.13986336590165, 24.604120931435887], [86.31649152246587, 24.58225876592934], [86.31881016535692, 24.509253149413382], [86.28552150081669, 24.462814813752686], [86.45251437313988, 24.369439075353114], [86.51196764169339, 24.518554912878983], [86.60620032158761, 24.600298286636644], [86.67454324197712, 24.56151900200041], [86.79792422282469, 24.616170121953644], [86.81474664064501, 24.56469826371392], [86.91309091931055, 24.544362510321662], [86.93607526875871, 24.643710822696335], [87.05631950783908, 24.6077320943607], [87.08633515634244, 24.825113638283824], [87.16407208186115, 24.886348060014996], [87.15284539330031, 25.024892384875727], [87.2174194555435, 25.09014170937246], [87.29712493676647, 25.089835885018147], [87.32955220097335, 25.223549447549033], [87.47809201733281, 25.195194774019683], [87.48750945879453, 25.29561476890649], [87.54568703902567, 25.282093067141375], [87.5854579898944, 25.344353519999004], [87.61278938422276, 25.311844010992388], [87.68998617781989, 25.310604005070843], [87.71356613207138, 25.256937860393975], [87.78901572729404, 25.246738330709434], [87.77826599957626, 25.09977519676795], [87.86980423148015, 25.040585900818712], [87.97857559079097, 24.897360005759708], [87.89426414447473, 24.853854835032678], [87.85547106423826, 24.76226333358602], [87.82332823491015, 24.76696400448526], [87.90599952555772, 24.72262778644324], [87.91504456315613, 24.595023739454064], [87.85329686685697, 24.552238009276778], [87.7829215685756, 24.572543688440533], [87.81146145388306, 24.54639500242746], [87.8229138623849, 24.46972043255198], [87.79295806646167, 24.412856577469142], [87.81504017466438, 24.407949790050793], [87.74140694737281, 24.29038493531658], [87.64079352630023, 24.24400712582826], [87.69455666915502, 24.151430750728593], [87.58484373315184, 24.163100724119147], [87.60984948246772, 24.128174538024552], [87.5647874701657, 24.084536302708273], [87.50173781005196, 24.11739925966816], [87.51409613712707, 24.036373650123892], [87.4438525094858, 24.014229725221696], [87.44421404414288, 23.97988012686642], [87.32512054787503, 24.00088138037148], [87.33759545676497, 24.032683328872565], [87.24012988048963, 24.038966333529515], [87.29705795166319, 23.957447119389087], [87.29778951237614, 23.891974105620534], [87.27012146133643, 23.876671580728896], [87.24956938501919, 23.90219498610975], [87.25092861226568, 23.829964111254753], [87.22497704055803, 23.829093732090087], [87.24146340241413, 23.854931117776914], [87.14113865832246, 23.869962421528555], [87.17171762237041, 23.82147440681848], [87.12945670866026, 23.796946488889375], [86.9005564806971, 23.88169135806976], [86.89320652306264, 23.823976157973334], [86.87677407106656, 23.845960325508656], [86.82633973818844, 23.813116018689357], [86.79845402333456, 23.83314933547348], [86.82532407624518, 23.762939057391634], [86.79755977796145, 23.689323003553795], [86.7166175094905, 23.699146545576696], [86.53439180703634, 23.630919792414545], [86.45072301265697, 23.633434892206537], [86.38676300750683, 23.586304553412447], [86.37640855521073, 23.492328804430826], [86.30582909643573, 23.422185290219034], [86.23055932605212, 23.437751510723672], [86.24464582184726, 23.471724909177283], [86.14866515757103, 23.479310579119954], [86.15442731896565, 23.565792389007584], [86.04347151809617, 23.585251286317884], [86.0168642344969, 23.553469040164146], [86.04744462486963, 23.492161105150956], [85.94407704082283, 23.457056529535237], [85.87220520590557, 23.472087788320835], [85.86904636689638, 23.411909563675465], [85.90198845880042, 23.378983019250995], [85.83249600158928, 23.265249847502503], [85.84112361526269, 23.194328380150694], [85.9210175692055, 23.131889472121486], [86.04285589708206, 23.146014030822926], [86.21822673757396, 22.994545672045206], [86.30598274111065, 23.01504617943766], [86.39862940632213, 22.977026714911005], [86.53964004814975, 22.98418944178934], [86.52384945308984, 22.94720835068489], [86.44262386220151, 22.930161845193027], [86.46854519600407, 22.89956082796988], [86.4216591724329, 22.779599799790958], [86.51200871732851, 22.704751302430736], [86.5390767406991, 22.719801616951088], [86.62317868904535, 22.67669901334881], [86.65693578525833, 22.579255109835515], [86.76114425880058, 22.577770953266906], [86.80311508359426, 22.48763591736372], [86.75026690469394, 22.474190936762398], [86.76900744783552, 22.426620227841283], [86.84894907214203, 22.399863383388492], [86.8342140077703, 22.328494523103814], [86.89339622785371, 22.28538795888727], [86.89062992493115, 22.256144301018708], [86.795318425505, 22.266786361001834], [86.80512851007273, 22.21769897782559], [86.68730576035261, 22.223540710335556], [86.50528572655509, 22.344739298280047], [86.42978328267242, 22.310083648941315], [86.3581916378339, 22.349146288370548], [86.285347513477, 22.449067198192665], [86.11759422299508, 22.486344926177424], [86.04425789068915, 22.56685383203876], [85.95931601422274, 22.45936326740093], [86.02725123325786, 22.385303581595053], [85.99864359212813, 22.341759285862395], [86.02350656777395, 22.308209958223017], [85.97554435248992, 22.247141070204293], [86.03242199957566, 22.189085365197514], [85.90862445275633, 21.970758164357846], [85.76663558956085, 21.99377629324141], [85.79380443053009, 22.08110728257509], [85.83658893403214, 22.080921022187454], [85.8079408135178, 22.11470615476526], [85.68745500124737, 22.052705376651886], [85.65061216651833, 22.09411951570314], [85.59712142561335, 22.078273547586207], [85.36941267255685, 22.158137933618775], [85.23722718138936, 22.004015344532547], [85.18544548961773, 22.06839251640156], [85.12523999033334, 22.070036737905184], [85.07585371028057, 22.11058945773732], [84.99388088889197, 22.080201614013333], [85.07692883359886, 22.27535443955577], [85.12085365407296, 22.293674868000835], [85.05786925955874, 22.482265395431682], [84.91425609844026, 22.422488695596883], [84.80786533451766, 22.446444136587672], [84.75932695687362, 22.44471068345132], [84.75049978273881, 22.417493314165142], [84.53339052475297, 22.42259577157762], [84.43264278813422, 22.354638484978125], [84.29609191670863, 22.339836147720064], [84.15942952035613, 22.403237782697545], [84.13609893731615, 22.475668343918983], [84.00952399893345, 22.522861380748168], [84.01208562874882, 22.571484311751647], [84.0873943910384, 22.63842659740959], [84.15691718957669, 22.636358448983287], [84.23470246624589, 22.67892945343158], [84.23233922507524, 22.737010874552254], [84.29224709013118, 22.765218734656912], [84.33641045847594, 22.86129251653648], [84.37681106427925, 22.86626556420447], [84.39598137993681, 22.940414748741716], [84.37749154529865, 22.976668822508202], [84.22408911801841, 22.977949293425183], [84.1969796997534, 23.02509900811276], [84.15506471116754, 22.965301334289222], [84.13356191564992, 23.086389474694556], [84.04082053294132, 23.139529256969695], [84.0774427172077, 23.330829018144698], [84.05060648150396, 23.374772460880422], [84.0137483034415, 23.35355538807073], [83.97414308863267, 23.374924375259752], [83.9769952965957, 23.44827241943665], [84.02995087523277, 23.54474175193036], [84.01434178674413, 23.63268280266925], [83.94651747660032, 23.62299323894689], [83.94259880938762, 23.56344903364601], [83.78228141755346, 23.59972804921017], [83.72216694674728, 23.68260496624623], [83.73686312982966, 23.754707538422224], [83.70287642500705, 23.820531961380937], [83.5687753922706, 23.862652259794004], [83.51727024202813, 24.024849747318058], [83.45525673491045, 24.0418520628225], [83.43305939477528, 24.083060190575395], [83.33127145731197, 24.100525260332574], [83.4096630407168, 24.265051331853556], [83.3834186398584, 24.312429829573034], [83.45104323485748, 24.371755541884795], [83.38928888087719, 24.454463576133207], [83.40091865637095, 24.49995797707902], [83.50606603831704, 24.525889651286434]], [[84.49672419996193, 24.27687608216553], [84.51099010241137, 24.268493254060502], [84.50490974648767, 24.2818900238056], [84.49672419996193, 24.27687608216553]]]}}, {"type": "Feature", "properties": {"ST_NM": "NCT of Delhi", "ST_ID": "IN-DL", "ID": "DL"}, "geometry": {"type": "Polygon", "coordinates": [[[77.3476517858013, 28.503455393851368], [77.25244400608608, 28.479150646285348], [77.2503415647115, 28.42340186420472], [77.17537869696935, 28.40305213534782], [77.08218639778408, 28.51496972966936], [77.0157817646168, 28.537520967418743], [77.01519124907696, 28.50918779128358], [76.8888906488844, 28.503906424541924], [76.8425143574517, 28.57742259787466], [76.88765759831955, 28.632525240447535], [76.9436724924916, 28.632492501527793], [76.9523713504575, 28.815574517749837], [77.04170609226242, 28.831609862405287], [77.0861236216079, 28.879321705532334], [77.14946011329363, 28.836399907929433], [77.21515278827064, 28.857591132424886], [77.21291649180273, 28.78407002721002], [77.29509038271505, 28.707033041341845], [77.33370385305045, 28.71041555073714], [77.3462527941312, 28.603392151526634], [77.3036303745422, 28.574258900727727], [77.3476517858013, 28.503455393851368]]]}}, {"type": "Feature", "properties": {"ST_NM": "Telangana", "ST_ID": "IN-TG", "ID": "TG"}, "geometry": {"type": "Polygon", "coordinates": [[[77.55350233126762, 18.2931922395303], [77.57048109712497, 18.31977750772586], [77.52295334432142, 18.350989005438294], [77.55869524339084, 18.419533115860645], [77.52937624571723, 18.428989364867334], [77.5862009398216, 18.444740360079606], [77.54999870387712, 18.467328768607842], [77.60464605117437, 18.475858332795895], [77.60082725817148, 18.549085840838927], [77.66125019464084, 18.528835475376923], [77.73175433159719, 18.55321188452092], [77.73665481206996, 18.67749961041875], [77.76148820181913, 18.708563277573262], [77.79033069100865, 18.68566456426828], [77.8414094519847, 18.80888327864045], [77.9467175005123, 18.82380574104218], [77.88559619820603, 18.909862392835237], [77.84443472548224, 18.912596430780695], [77.85769248881735, 18.953536830360463], [77.7711439231536, 18.98254380735085], [77.7611313373414, 19.029601889215883], [77.7654416718957, 19.063055783497646], [77.80099754440118, 19.052367727688534], [77.80405953092264, 19.099874435456854], [77.84608860930194, 19.087824539870667], [77.87130563814475, 19.256116676243664], [77.909692653793, 19.26808524164062], [77.86475146450852, 19.30291769769366], [77.95296227498903, 19.342091556280366], [78.06182355481326, 19.240803621190196], [78.18780651266047, 19.24270611719362], [78.18660766780965, 19.412703179308323], [78.31355647325267, 19.457404437564776], [78.28369310875001, 19.559017718592884], [78.3156118441114, 19.604954734373564], [78.27427275798146, 19.663800826546947], [78.34994092443418, 19.714241056279775], [78.37242128841177, 19.78167074301041], [78.34363145542738, 19.839676552730793], [78.29868323794113, 19.849991287368084], [78.33297810985192, 19.91646202070575], [78.4023841763887, 19.836943493247645], [78.49880796271736, 19.793851902743143], [78.53119452360846, 19.822350564027374], [78.6086960048168, 19.818272674544346], [78.72167787933074, 19.767760561101056], [78.85101621132912, 19.759449287554617], [78.86422796894567, 19.657568248675773], [78.97452983498397, 19.650617441641657], [78.96013864887959, 19.553351089481225], [79.10239996618554, 19.53218472764314], [79.19494718796238, 19.460623502372812], [79.22465951132745, 19.46644676550585], [79.24302297592965, 19.611234318009394], [79.32028620694297, 19.567420636653083], [79.37511748268571, 19.573177895843287], [79.4766576416369, 19.499624796347348], [79.54895834705013, 19.550705022318994], [79.59769678607785, 19.504045950760087], [79.64610313874891, 19.57725548495273], [79.79195202166852, 19.59598749352807], [79.95171799059284, 19.461632858269866], [79.97980447010025, 19.4039524763258], [79.9269484491117, 19.229569167882858], [79.94752624154285, 19.167684516527288], [79.8648143357131, 19.107389617436922], [79.86637339411692, 19.038034974134803], [79.92295471099118, 19.05081071614171], [79.94135590125387, 19.02521292783439], [79.94594388889942, 18.862689038568305], [79.90091823259041, 18.834638759471204], [79.92322329262089, 18.80121379368171], [80.01940660293246, 18.7708127551046], [80.11375566139469, 18.68184528743012], [80.19621443324957, 18.680020080962038], [80.27484775891702, 18.722436820203143], [80.3492878804314, 18.591234931047268], [80.49591251854793, 18.6316478980321], [80.64035842580074, 18.52415424332372], [80.73659305232758, 18.409446728084106], [80.75249524246152, 18.308032966148517], [80.79605505779472, 18.260050439676093], [80.7412035706883, 18.22478353463248], [80.74251570133862, 18.17779276972061], [80.8059423761398, 18.17246963126854], [80.83217934140356, 18.239670719328274], [80.87550657676718, 18.213461299399512], [80.87007678321703, 18.139007267171678], [80.98178743004593, 18.17456872536644], [80.95211496553327, 18.087566410361603], [81.04083408002884, 17.79694880584276], [81.08200550554972, 17.793575265386266], [81.16796146474985, 17.859916090755007], [81.26252132789705, 17.81962363112575], [81.46798621888894, 17.832467718010832], [81.489740672594, 17.810682649584635], [81.61972792840123, 17.8233541313881], [81.67162226025914, 17.88487461397233], [81.7117527205117, 17.869170252205436], [81.7668590583989, 17.90140653818122], [81.80301047905044, 17.852349636626457], [81.59059473875624, 17.738779467898155], [81.51165908709726, 17.598162623906035], [81.53263521624228, 17.580956172189644], [81.50225396095158, 17.457367574753846], [81.44250565721035, 17.383534786101563], [81.39407533400953, 17.363694657182748], [81.33128428294339, 17.39755364928152], [81.27602385161953, 17.32846014841715], [81.19035496860698, 17.330549054095627], [81.17165870538503, 17.24105229582682], [81.03501020895402, 17.195019316088633], [80.9141234051711, 17.209421884912103], [80.92212595854619, 17.154200440098293], [80.87910216343414, 17.15449908786269], [80.84135671424104, 17.034061067364405], [80.7345019352162, 17.072725719016773], [80.64265003866842, 17.066868884191706], [80.65495191260072, 17.10241517352148], [80.56877597742948, 17.145756753971057], [80.50514270677058, 17.108990741129844], [80.4548544930405, 17.02479401503183], [80.40360934939201, 17.085149628252793], [80.37550563797487, 17.06414171706666], [80.39726961729906, 17.021750064413993], [80.36900460707699, 16.978223941281897], [80.48558834732444, 16.929157652603635], [80.50000341042909, 16.95614857169926], [80.59296133819527, 16.934673930357633], [80.56345065812144, 16.833080061195915], [80.60645369778001, 16.793519709966688], [80.5717187210422, 16.771242562194516], [80.46521856628385, 16.798232547793873], [80.4084305807068, 16.8577457174909], [80.38167463827398, 16.81912742948731], [80.2706459608425, 17.018122841396064], [80.20966733328089, 17.020537621813844], [80.19047938731393, 17.05224481504621], [80.14223519859559, 16.99270442556883], [80.05417132114962, 16.972537853539166], [80.01786327546984, 16.914541305037233], [80.00001661617398, 16.870579053880306], [80.07812986300286, 16.82115237987847], [80.05639964422824, 16.75279084622065], [79.95106105562326, 16.64028544511723], [79.78312142651271, 16.73674109082873], [79.43452350355687, 16.589430779007273], [79.27384279371, 16.568170900266864], [79.23300240233908, 16.514937339386734], [79.21548389216792, 16.23780928946718], [79.0278154693085, 16.251089330808043], [78.93306686274559, 16.20907462269571], [78.91811096355019, 16.112081427915598], [78.83958866728324, 16.158428886184197], [78.84404702664904, 16.094145918299546], [78.78255107936889, 16.030374481197384], [78.72104797528391, 16.03332408843596], [78.62416119368419, 16.10530404794349], [78.566214650186, 16.0627366929441], [78.42775768996546, 16.088964103810383], [78.27470671324426, 16.040704374807092], [78.24946435859334, 15.943102800353984], [78.18652243816007, 15.906449364646505], [78.1711891168843, 15.855042998635554], [78.10755594425149, 15.833898721448861], [78.03497227794833, 15.908453773622796], [78.00803887139688, 15.865011764081714], [77.89355423873718, 15.90148305200131], [77.80488927961665, 15.870793510911824], [77.51440942785285, 15.92583542766289], [77.48829989652307, 16.163176153656593], [77.51544894611203, 16.22790904246841], [77.49217409136128, 16.254334029891595], [77.5854988013287, 16.29065070006982], [77.58918359264874, 16.332578905991795], [77.52345604735876, 16.37450087781332], [77.31102807178814, 16.398099259173534], [77.23899106648457, 16.471971135059903], [77.41954709032603, 16.521889319136847], [77.39556180713174, 16.569164950602044], [77.46066843350144, 16.585033203019975], [77.4756123663177, 16.647483359769296], [77.42068725531266, 16.666682795474685], [77.4692645439236, 16.68219295853828], [77.47297809196544, 16.712588717195615], [77.4275072325728, 16.71833689772967], [77.4393469224226, 16.781370784634078], [77.47148512473876, 16.780393319596044], [77.45741692744929, 16.912618078761398], [77.50346835228271, 17.01083591274721], [77.46656444729149, 17.107405945927724], [77.3636350732001, 17.164764663758262], [77.38401883959784, 17.222860335536097], [77.4583082922939, 17.278987471394714], [77.43776610042528, 17.291317371799323], [77.45534335071511, 17.37345903100953], [77.53193294814707, 17.37517030686422], [77.51399334841437, 17.430220321110994], [77.68822046440295, 17.47595375556142], [77.69220373621351, 17.501606175884376], [77.58933632900846, 17.561224361215352], [77.53124113566992, 17.57601739588614], [77.50538424278864, 17.543677813780107], [77.4435254847134, 17.5841447104101], [77.46145348768835, 17.701495474336696], [77.56584161519845, 17.749698584721955], [77.51453350731555, 17.803902751510805], [77.6572816465308, 17.97173536759317], [77.54937462024259, 18.055916102845913], [77.60428326735894, 18.10155180617096], [77.57363890551113, 18.19114872643263], [77.60667622033134, 18.279913138880318], [77.55350233126762, 18.2931922395303]]]}}, {"type": "Feature", "properties": {"ST_NM": "Puducherry", "ST_ID": "IN-PY", "ID": "PY"}, "geometry": {"type": "Polygon", "coordinates": [[[75.54502380850204, 11.73396049598017], [75.52833096859939, 11.720236067240762], [75.54611985904432, 11.757653164961653], [75.54502380850204, 11.73396049598017]]]}}]}